"","State","Date","Confirmed","Population","Rural.population","Urban.population","Area","Density","Gender.Ratio","num_lab","TotalPublicHealthFacilities_HMIS"
"1","Chhattisgarh","05/06/20",756,25545198,19607961,5937237,"135,191 km2 (52,198 sq mi)","189/km2 (490/sq mi)",991,3,1023
"2","Chhattisgarh","02/06/20",547,25545198,19607961,5937237,"135,191 km2 (52,198 sq mi)","189/km2 (490/sq mi)",991,3,1023
"3","Chhattisgarh","28/03/20",6,25545198,19607961,5937237,"135,191 km2 (52,198 sq mi)","189/km2 (490/sq mi)",991,3,1023
"4","Chhattisgarh","10/04/20",10,25545198,19607961,5937237,"135,191 km2 (52,198 sq mi)","189/km2 (490/sq mi)",991,3,1023
"5","Chhattisgarh","27/03/20",6,25545198,19607961,5937237,"135,191 km2 (52,198 sq mi)","189/km2 (490/sq mi)",991,3,1023
"6","Chhattisgarh","06/06/20",879,25545198,19607961,5937237,"135,191 km2 (52,198 sq mi)","189/km2 (490/sq mi)",991,3,1023
"7","Chhattisgarh","07/05/20",59,25545198,19607961,5937237,"135,191 km2 (52,198 sq mi)","189/km2 (490/sq mi)",991,3,1023
"8","Chhattisgarh","26/03/20",6,25545198,19607961,5937237,"135,191 km2 (52,198 sq mi)","189/km2 (490/sq mi)",991,3,1023
"9","Chhattisgarh","28/05/20",369,25545198,19607961,5937237,"135,191 km2 (52,198 sq mi)","189/km2 (490/sq mi)",991,3,1023
"10","Chhattisgarh","31/05/20",447,25545198,19607961,5937237,"135,191 km2 (52,198 sq mi)","189/km2 (490/sq mi)",991,3,1023
"11","Chhattisgarh","19/06/20",1946,25545198,19607961,5937237,"135,191 km2 (52,198 sq mi)","189/km2 (490/sq mi)",991,3,1023
"12","Chhattisgarh","09/04/20",10,25545198,19607961,5937237,"135,191 km2 (52,198 sq mi)","189/km2 (490/sq mi)",991,3,1023
"13","Chhattisgarh","02/05/20",43,25545198,19607961,5937237,"135,191 km2 (52,198 sq mi)","189/km2 (490/sq mi)",991,3,1023
"14","Chhattisgarh","01/06/20",498,25545198,19607961,5937237,"135,191 km2 (52,198 sq mi)","189/km2 (490/sq mi)",991,3,1023
"15","Chhattisgarh","29/03/20",7,25545198,19607961,5937237,"135,191 km2 (52,198 sq mi)","189/km2 (490/sq mi)",991,3,1023
"16","Chhattisgarh","18/05/20",86,25545198,19607961,5937237,"135,191 km2 (52,198 sq mi)","189/km2 (490/sq mi)",991,3,1023
"17","Chhattisgarh","16/04/20",33,25545198,19607961,5937237,"135,191 km2 (52,198 sq mi)","189/km2 (490/sq mi)",991,3,1023
"18","Chhattisgarh","15/04/20",33,25545198,19607961,5937237,"135,191 km2 (52,198 sq mi)","189/km2 (490/sq mi)",991,3,1023
"19","Chhattisgarh","27/05/20",361,25545198,19607961,5937237,"135,191 km2 (52,198 sq mi)","189/km2 (490/sq mi)",991,3,1023
"20","Chhattisgarh","03/05/20",43,25545198,19607961,5937237,"135,191 km2 (52,198 sq mi)","189/km2 (490/sq mi)",991,3,1023
"21","Chhattisgarh","30/03/20",7,25545198,19607961,5937237,"135,191 km2 (52,198 sq mi)","189/km2 (490/sq mi)",991,3,1023
"22","Chhattisgarh","18/06/20",1864,25545198,19607961,5937237,"135,191 km2 (52,198 sq mi)","189/km2 (490/sq mi)",991,3,1023
"23","Chhattisgarh","11/04/20",18,25545198,19607961,5937237,"135,191 km2 (52,198 sq mi)","189/km2 (490/sq mi)",991,3,1023
"24","Chhattisgarh","25/05/20",252,25545198,19607961,5937237,"135,191 km2 (52,198 sq mi)","189/km2 (490/sq mi)",991,3,1023
"25","Chhattisgarh","24/03/20",1,25545198,19607961,5937237,"135,191 km2 (52,198 sq mi)","189/km2 (490/sq mi)",991,3,1023
"26","Chhattisgarh","04/05/20",57,25545198,19607961,5937237,"135,191 km2 (52,198 sq mi)","189/km2 (490/sq mi)",991,3,1023
"27","Chhattisgarh","22/05/20",128,25545198,19607961,5937237,"135,191 km2 (52,198 sq mi)","189/km2 (490/sq mi)",991,3,1023
"28","Chhattisgarh","06/04/20",10,25545198,19607961,5937237,"135,191 km2 (52,198 sq mi)","189/km2 (490/sq mi)",991,3,1023
"29","Chhattisgarh","05/05/20",58,25545198,19607961,5937237,"135,191 km2 (52,198 sq mi)","189/km2 (490/sq mi)",991,3,1023
"30","Chhattisgarh","03/06/20",564,25545198,19607961,5937237,"135,191 km2 (52,198 sq mi)","189/km2 (490/sq mi)",991,3,1023
"31","Chhattisgarh","25/03/20",1,25545198,19607961,5937237,"135,191 km2 (52,198 sq mi)","189/km2 (490/sq mi)",991,3,1023
"32","Chhattisgarh","17/05/20",67,25545198,19607961,5937237,"135,191 km2 (52,198 sq mi)","189/km2 (490/sq mi)",991,3,1023
"33","Chhattisgarh","21/05/20",115,25545198,19607961,5937237,"135,191 km2 (52,198 sq mi)","189/km2 (490/sq mi)",991,3,1023
"34","Chhattisgarh","15/06/20",1662,25545198,19607961,5937237,"135,191 km2 (52,198 sq mi)","189/km2 (490/sq mi)",991,3,1023
"35","Chhattisgarh","29/05/20",399,25545198,19607961,5937237,"135,191 km2 (52,198 sq mi)","189/km2 (490/sq mi)",991,3,1023
"36","Chhattisgarh","06/05/20",59,25545198,19607961,5937237,"135,191 km2 (52,198 sq mi)","189/km2 (490/sq mi)",991,3,1023
"37","Chhattisgarh","04/06/20",668,25545198,19607961,5937237,"135,191 km2 (52,198 sq mi)","189/km2 (490/sq mi)",991,3,1023
"38","Chhattisgarh","12/05/20",59,25545198,19607961,5937237,"135,191 km2 (52,198 sq mi)","189/km2 (490/sq mi)",991,3,1023
"39","Chhattisgarh","26/05/20",291,25545198,19607961,5937237,"135,191 km2 (52,198 sq mi)","189/km2 (490/sq mi)",991,3,1023
"40","Chhattisgarh","24/05/20",214,25545198,19607961,5937237,"135,191 km2 (52,198 sq mi)","189/km2 (490/sq mi)",991,3,1023
"41","Chhattisgarh","20/03/20",1,25545198,19607961,5937237,"135,191 km2 (52,198 sq mi)","189/km2 (490/sq mi)",991,3,1023
"42","Chhattisgarh","30/05/20",415,25545198,19607961,5937237,"135,191 km2 (52,198 sq mi)","189/km2 (490/sq mi)",991,3,1023
"43","Chhattisgarh","01/05/20",40,25545198,19607961,5937237,"135,191 km2 (52,198 sq mi)","189/km2 (490/sq mi)",991,3,1023
"44","Chhattisgarh","14/04/20",31,25545198,19607961,5937237,"135,191 km2 (52,198 sq mi)","189/km2 (490/sq mi)",991,3,1023
"45","Chhattisgarh","13/05/20",59,25545198,19607961,5937237,"135,191 km2 (52,198 sq mi)","189/km2 (490/sq mi)",991,3,1023
"46","Chhattisgarh","23/05/20",172,25545198,19607961,5937237,"135,191 km2 (52,198 sq mi)","189/km2 (490/sq mi)",991,3,1023
"47","Chhattisgarh","21/03/20",1,25545198,19607961,5937237,"135,191 km2 (52,198 sq mi)","189/km2 (490/sq mi)",991,3,1023
"48","Chhattisgarh","17/06/20",1781,25545198,19607961,5937237,"135,191 km2 (52,198 sq mi)","189/km2 (490/sq mi)",991,3,1023
"49","Chhattisgarh","07/04/20",10,25545198,19607961,5937237,"135,191 km2 (52,198 sq mi)","189/km2 (490/sq mi)",991,3,1023
"50","Chhattisgarh","08/05/20",59,25545198,19607961,5937237,"135,191 km2 (52,198 sq mi)","189/km2 (490/sq mi)",991,3,1023
"51","Chhattisgarh","10/05/20",59,25545198,19607961,5937237,"135,191 km2 (52,198 sq mi)","189/km2 (490/sq mi)",991,3,1023
"52","Chhattisgarh","10/06/20",1240,25545198,19607961,5937237,"135,191 km2 (52,198 sq mi)","189/km2 (490/sq mi)",991,3,1023
"53","Chhattisgarh","20/05/20",101,25545198,19607961,5937237,"135,191 km2 (52,198 sq mi)","189/km2 (490/sq mi)",991,3,1023
"54","Chhattisgarh","04/04/20",9,25545198,19607961,5937237,"135,191 km2 (52,198 sq mi)","189/km2 (490/sq mi)",991,3,1023
"55","Chhattisgarh","27/04/20",37,25545198,19607961,5937237,"135,191 km2 (52,198 sq mi)","189/km2 (490/sq mi)",991,3,1023
"56","Chhattisgarh","20/06/20",2028,25545198,19607961,5937237,"135,191 km2 (52,198 sq mi)","189/km2 (490/sq mi)",991,3,1023
"57","Chhattisgarh","09/05/20",59,25545198,19607961,5937237,"135,191 km2 (52,198 sq mi)","189/km2 (490/sq mi)",991,3,1023
"58","Chhattisgarh","07/06/20",923,25545198,19607961,5937237,"135,191 km2 (52,198 sq mi)","189/km2 (490/sq mi)",991,3,1023
"59","Chhattisgarh","19/05/20",93,25545198,19607961,5937237,"135,191 km2 (52,198 sq mi)","189/km2 (490/sq mi)",991,3,1023
"60","Chhattisgarh","13/06/20",1429,25545198,19607961,5937237,"135,191 km2 (52,198 sq mi)","189/km2 (490/sq mi)",991,3,1023
"61","Chhattisgarh","05/04/20",9,25545198,19607961,5937237,"135,191 km2 (52,198 sq mi)","189/km2 (490/sq mi)",991,3,1023
"62","Chhattisgarh","26/04/20",37,25545198,19607961,5937237,"135,191 km2 (52,198 sq mi)","189/km2 (490/sq mi)",991,3,1023
"63","Chhattisgarh","21/06/20",2041,25545198,19607961,5937237,"135,191 km2 (52,198 sq mi)","189/km2 (490/sq mi)",991,3,1023
"64","Chhattisgarh","13/04/20",31,25545198,19607961,5937237,"135,191 km2 (52,198 sq mi)","189/km2 (490/sq mi)",991,3,1023
"65","Chhattisgarh","08/06/20",1073,25545198,19607961,5937237,"135,191 km2 (52,198 sq mi)","189/km2 (490/sq mi)",991,3,1023
"66","Chhattisgarh","31/03/20",8,25545198,19607961,5937237,"135,191 km2 (52,198 sq mi)","189/km2 (490/sq mi)",991,3,1023
"67","Chhattisgarh","14/06/20",1512,25545198,19607961,5937237,"135,191 km2 (52,198 sq mi)","189/km2 (490/sq mi)",991,3,1023
"68","Chhattisgarh","29/04/20",38,25545198,19607961,5937237,"135,191 km2 (52,198 sq mi)","189/km2 (490/sq mi)",991,3,1023
"69","Chhattisgarh","08/04/20",10,25545198,19607961,5937237,"135,191 km2 (52,198 sq mi)","189/km2 (490/sq mi)",991,3,1023
"70","Chhattisgarh","12/04/20",25,25545198,19607961,5937237,"135,191 km2 (52,198 sq mi)","189/km2 (490/sq mi)",991,3,1023
"71","Chhattisgarh","11/05/20",59,25545198,19607961,5937237,"135,191 km2 (52,198 sq mi)","189/km2 (490/sq mi)",991,3,1023
"72","Chhattisgarh","09/06/20",1160,25545198,19607961,5937237,"135,191 km2 (52,198 sq mi)","189/km2 (490/sq mi)",991,3,1023
"73","Chhattisgarh","01/04/20",9,25545198,19607961,5937237,"135,191 km2 (52,198 sq mi)","189/km2 (490/sq mi)",991,3,1023
"74","Chhattisgarh","24/04/20",36,25545198,19607961,5937237,"135,191 km2 (52,198 sq mi)","189/km2 (490/sq mi)",991,3,1023
"75","Chhattisgarh","28/04/20",37,25545198,19607961,5937237,"135,191 km2 (52,198 sq mi)","189/km2 (490/sq mi)",991,3,1023
"76","Chhattisgarh","02/04/20",9,25545198,19607961,5937237,"135,191 km2 (52,198 sq mi)","189/km2 (490/sq mi)",991,3,1023
"77","Chhattisgarh","30/04/20",38,25545198,19607961,5937237,"135,191 km2 (52,198 sq mi)","189/km2 (490/sq mi)",991,3,1023
"78","Chhattisgarh","25/04/20",36,25545198,19607961,5937237,"135,191 km2 (52,198 sq mi)","189/km2 (490/sq mi)",991,3,1023
"79","Chhattisgarh","19/03/20",1,25545198,19607961,5937237,"135,191 km2 (52,198 sq mi)","189/km2 (490/sq mi)",991,3,1023
"80","Chhattisgarh","22/04/20",36,25545198,19607961,5937237,"135,191 km2 (52,198 sq mi)","189/km2 (490/sq mi)",991,3,1023
"81","Chhattisgarh","16/06/20",1756,25545198,19607961,5937237,"135,191 km2 (52,198 sq mi)","189/km2 (490/sq mi)",991,3,1023
"82","Chhattisgarh","11/06/20",1262,25545198,19607961,5937237,"135,191 km2 (52,198 sq mi)","189/km2 (490/sq mi)",991,3,1023
"83","Chhattisgarh","03/04/20",9,25545198,19607961,5937237,"135,191 km2 (52,198 sq mi)","189/km2 (490/sq mi)",991,3,1023
"84","Chhattisgarh","14/05/20",59,25545198,19607961,5937237,"135,191 km2 (52,198 sq mi)","189/km2 (490/sq mi)",991,3,1023
"85","Chhattisgarh","12/06/20",1398,25545198,19607961,5937237,"135,191 km2 (52,198 sq mi)","189/km2 (490/sq mi)",991,3,1023
"86","Chhattisgarh","22/03/20",1,25545198,19607961,5937237,"135,191 km2 (52,198 sq mi)","189/km2 (490/sq mi)",991,3,1023
"87","Chhattisgarh","15/05/20",60,25545198,19607961,5937237,"135,191 km2 (52,198 sq mi)","189/km2 (490/sq mi)",991,3,1023
"88","Chhattisgarh","23/03/20",1,25545198,19607961,5937237,"135,191 km2 (52,198 sq mi)","189/km2 (490/sq mi)",991,3,1023
"89","Chhattisgarh","17/04/20",36,25545198,19607961,5937237,"135,191 km2 (52,198 sq mi)","189/km2 (490/sq mi)",991,3,1023
"90","Chhattisgarh","16/05/20",66,25545198,19607961,5937237,"135,191 km2 (52,198 sq mi)","189/km2 (490/sq mi)",991,3,1023
"91","Chhattisgarh","23/04/20",36,25545198,19607961,5937237,"135,191 km2 (52,198 sq mi)","189/km2 (490/sq mi)",991,3,1023
"92","Chhattisgarh","18/04/20",36,25545198,19607961,5937237,"135,191 km2 (52,198 sq mi)","189/km2 (490/sq mi)",991,3,1023
"93","Chhattisgarh","20/04/20",36,25545198,19607961,5937237,"135,191 km2 (52,198 sq mi)","189/km2 (490/sq mi)",991,3,1023
"94","Chhattisgarh","19/04/20",36,25545198,19607961,5937237,"135,191 km2 (52,198 sq mi)","189/km2 (490/sq mi)",991,3,1023
"95","Chhattisgarh","21/04/20",36,25545198,19607961,5937237,"135,191 km2 (52,198 sq mi)","189/km2 (490/sq mi)",991,3,1023
"96","Gujarat","26/03/20",43,60439692,34694609,25745083,"196,024 km2 (75,685 sq mi)","308/km2 (800/sq mi)",919,14,2236
"97","Gujarat","05/06/20",18584,60439692,34694609,25745083,"196,024 km2 (75,685 sq mi)","308/km2 (800/sq mi)",919,14,2236
"98","Gujarat","15/04/20",695,60439692,34694609,25745083,"196,024 km2 (75,685 sq mi)","308/km2 (800/sq mi)",919,14,2236
"99","Gujarat","20/03/20",5,60439692,34694609,25745083,"196,024 km2 (75,685 sq mi)","308/km2 (800/sq mi)",919,14,2236
"100","Gujarat","04/05/20",5428,60439692,34694609,25745083,"196,024 km2 (75,685 sq mi)","308/km2 (800/sq mi)",919,14,2236
"101","Gujarat","25/05/20",14056,60439692,34694609,25745083,"196,024 km2 (75,685 sq mi)","308/km2 (800/sq mi)",919,14,2236
"102","Gujarat","01/06/20",16779,60439692,34694609,25745083,"196,024 km2 (75,685 sq mi)","308/km2 (800/sq mi)",919,14,2236
"103","Gujarat","31/05/20",16343,60439692,34694609,25745083,"196,024 km2 (75,685 sq mi)","308/km2 (800/sq mi)",919,14,2236
"104","Gujarat","27/03/20",43,60439692,34694609,25745083,"196,024 km2 (75,685 sq mi)","308/km2 (800/sq mi)",919,14,2236
"105","Gujarat","10/04/20",241,60439692,34694609,25745083,"196,024 km2 (75,685 sq mi)","308/km2 (800/sq mi)",919,14,2236
"106","Gujarat","28/04/20",3548,60439692,34694609,25745083,"196,024 km2 (75,685 sq mi)","308/km2 (800/sq mi)",919,14,2236
"107","Gujarat","29/03/20",58,60439692,34694609,25745083,"196,024 km2 (75,685 sq mi)","308/km2 (800/sq mi)",919,14,2236
"108","Gujarat","26/05/20",14460,60439692,34694609,25745083,"196,024 km2 (75,685 sq mi)","308/km2 (800/sq mi)",919,14,2236
"109","Gujarat","09/04/20",179,60439692,34694609,25745083,"196,024 km2 (75,685 sq mi)","308/km2 (800/sq mi)",919,14,2236
"110","Gujarat","28/05/20",15195,60439692,34694609,25745083,"196,024 km2 (75,685 sq mi)","308/km2 (800/sq mi)",919,14,2236
"111","Gujarat","02/05/20",4721,60439692,34694609,25745083,"196,024 km2 (75,685 sq mi)","308/km2 (800/sq mi)",919,14,2236
"112","Gujarat","11/04/20",308,60439692,34694609,25745083,"196,024 km2 (75,685 sq mi)","308/km2 (800/sq mi)",919,14,2236
"113","Gujarat","06/04/20",144,60439692,34694609,25745083,"196,024 km2 (75,685 sq mi)","308/km2 (800/sq mi)",919,14,2236
"114","Gujarat","05/04/20",122,60439692,34694609,25745083,"196,024 km2 (75,685 sq mi)","308/km2 (800/sq mi)",919,14,2236
"115","Gujarat","12/04/20",432,60439692,34694609,25745083,"196,024 km2 (75,685 sq mi)","308/km2 (800/sq mi)",919,14,2236
"116","Gujarat","04/04/20",105,60439692,34694609,25745083,"196,024 km2 (75,685 sq mi)","308/km2 (800/sq mi)",919,14,2236
"117","Gujarat","29/05/20",15562,60439692,34694609,25745083,"196,024 km2 (75,685 sq mi)","308/km2 (800/sq mi)",919,14,2236
"118","Gujarat","13/04/20",539,60439692,34694609,25745083,"196,024 km2 (75,685 sq mi)","308/km2 (800/sq mi)",919,14,2236
"119","Gujarat","23/05/20",13268,60439692,34694609,25745083,"196,024 km2 (75,685 sq mi)","308/km2 (800/sq mi)",919,14,2236
"120","Gujarat","27/05/20",14821,60439692,34694609,25745083,"196,024 km2 (75,685 sq mi)","308/km2 (800/sq mi)",919,14,2236
"121","Gujarat","31/03/20",73,60439692,34694609,25745083,"196,024 km2 (75,685 sq mi)","308/km2 (800/sq mi)",919,14,2236
"122","Gujarat","24/05/20",13664,60439692,34694609,25745083,"196,024 km2 (75,685 sq mi)","308/km2 (800/sq mi)",919,14,2236
"123","Gujarat","08/04/20",165,60439692,34694609,25745083,"196,024 km2 (75,685 sq mi)","308/km2 (800/sq mi)",919,14,2236
"124","Gujarat","30/05/20",15934,60439692,34694609,25745083,"196,024 km2 (75,685 sq mi)","308/km2 (800/sq mi)",919,14,2236
"125","Gujarat","14/04/20",617,60439692,34694609,25745083,"196,024 km2 (75,685 sq mi)","308/km2 (800/sq mi)",919,14,2236
"126","Gujarat","25/03/20",38,60439692,34694609,25745083,"196,024 km2 (75,685 sq mi)","308/km2 (800/sq mi)",919,14,2236
"127","Gujarat","01/04/20",82,60439692,34694609,25745083,"196,024 km2 (75,685 sq mi)","308/km2 (800/sq mi)",919,14,2236
"128","Gujarat","03/04/20",95,60439692,34694609,25745083,"196,024 km2 (75,685 sq mi)","308/km2 (800/sq mi)",919,14,2236
"129","Gujarat","21/03/20",7,60439692,34694609,25745083,"196,024 km2 (75,685 sq mi)","308/km2 (800/sq mi)",919,14,2236
"130","Gujarat","17/06/20",24577,60439692,34694609,25745083,"196,024 km2 (75,685 sq mi)","308/km2 (800/sq mi)",919,14,2236
"131","Gujarat","28/03/20",45,60439692,34694609,25745083,"196,024 km2 (75,685 sq mi)","308/km2 (800/sq mi)",919,14,2236
"132","Gujarat","08/05/20",7012,60439692,34694609,25745083,"196,024 km2 (75,685 sq mi)","308/km2 (800/sq mi)",919,14,2236
"133","Gujarat","19/04/20",1604,60439692,34694609,25745083,"196,024 km2 (75,685 sq mi)","308/km2 (800/sq mi)",919,14,2236
"134","Gujarat","21/04/20",2066,60439692,34694609,25745083,"196,024 km2 (75,685 sq mi)","308/km2 (800/sq mi)",919,14,2236
"135","Gujarat","22/03/20",18,60439692,34694609,25745083,"196,024 km2 (75,685 sq mi)","308/km2 (800/sq mi)",919,14,2236
"136","Gujarat","18/06/20",25093,60439692,34694609,25745083,"196,024 km2 (75,685 sq mi)","308/km2 (800/sq mi)",919,14,2236
"137","Gujarat","03/05/20",5055,60439692,34694609,25745083,"196,024 km2 (75,685 sq mi)","308/km2 (800/sq mi)",919,14,2236
"138","Gujarat","05/05/20",5804,60439692,34694609,25745083,"196,024 km2 (75,685 sq mi)","308/km2 (800/sq mi)",919,14,2236
"139","Gujarat","16/04/20",871,60439692,34694609,25745083,"196,024 km2 (75,685 sq mi)","308/km2 (800/sq mi)",919,14,2236
"140","Gujarat","20/04/20",1851,60439692,34694609,25745083,"196,024 km2 (75,685 sq mi)","308/km2 (800/sq mi)",919,14,2236
"141","Gujarat","22/04/20",2272,60439692,34694609,25745083,"196,024 km2 (75,685 sq mi)","308/km2 (800/sq mi)",919,14,2236
"142","Gujarat","21/05/20",12537,60439692,34694609,25745083,"196,024 km2 (75,685 sq mi)","308/km2 (800/sq mi)",919,14,2236
"143","Gujarat","30/03/20",69,60439692,34694609,25745083,"196,024 km2 (75,685 sq mi)","308/km2 (800/sq mi)",919,14,2236
"144","Gujarat","19/06/20",25601,60439692,34694609,25745083,"196,024 km2 (75,685 sq mi)","308/km2 (800/sq mi)",919,14,2236
"145","Gujarat","02/06/20",17200,60439692,34694609,25745083,"196,024 km2 (75,685 sq mi)","308/km2 (800/sq mi)",919,14,2236
"146","Gujarat","17/04/20",1021,60439692,34694609,25745083,"196,024 km2 (75,685 sq mi)","308/km2 (800/sq mi)",919,14,2236
"147","Gujarat","24/03/20",33,60439692,34694609,25745083,"196,024 km2 (75,685 sq mi)","308/km2 (800/sq mi)",919,14,2236
"148","Gujarat","23/04/20",2407,60439692,34694609,25745083,"196,024 km2 (75,685 sq mi)","308/km2 (800/sq mi)",919,14,2236
"149","Gujarat","22/05/20",12905,60439692,34694609,25745083,"196,024 km2 (75,685 sq mi)","308/km2 (800/sq mi)",919,14,2236
"150","Gujarat","29/04/20",3774,60439692,34694609,25745083,"196,024 km2 (75,685 sq mi)","308/km2 (800/sq mi)",919,14,2236
"151","Gujarat","16/06/20",24055,60439692,34694609,25745083,"196,024 km2 (75,685 sq mi)","308/km2 (800/sq mi)",919,14,2236
"152","Gujarat","03/06/20",17617,60439692,34694609,25745083,"196,024 km2 (75,685 sq mi)","308/km2 (800/sq mi)",919,14,2236
"153","Gujarat","18/04/20",1272,60439692,34694609,25745083,"196,024 km2 (75,685 sq mi)","308/km2 (800/sq mi)",919,14,2236
"154","Gujarat","17/05/20",10988,60439692,34694609,25745083,"196,024 km2 (75,685 sq mi)","308/km2 (800/sq mi)",919,14,2236
"155","Gujarat","24/04/20",2624,60439692,34694609,25745083,"196,024 km2 (75,685 sq mi)","308/km2 (800/sq mi)",919,14,2236
"156","Gujarat","07/04/20",165,60439692,34694609,25745083,"196,024 km2 (75,685 sq mi)","308/km2 (800/sq mi)",919,14,2236
"157","Gujarat","30/04/20",4082,60439692,34694609,25745083,"196,024 km2 (75,685 sq mi)","308/km2 (800/sq mi)",919,14,2236
"158","Gujarat","06/05/20",6245,60439692,34694609,25745083,"196,024 km2 (75,685 sq mi)","308/km2 (800/sq mi)",919,14,2236
"159","Gujarat","04/06/20",18100,60439692,34694609,25745083,"196,024 km2 (75,685 sq mi)","308/km2 (800/sq mi)",919,14,2236
"160","Gujarat","12/05/20",8541,60439692,34694609,25745083,"196,024 km2 (75,685 sq mi)","308/km2 (800/sq mi)",919,14,2236
"161","Gujarat","02/04/20",87,60439692,34694609,25745083,"196,024 km2 (75,685 sq mi)","308/km2 (800/sq mi)",919,14,2236
"162","Gujarat","25/04/20",2815,60439692,34694609,25745083,"196,024 km2 (75,685 sq mi)","308/km2 (800/sq mi)",919,14,2236
"163","Gujarat","01/05/20",4395,60439692,34694609,25745083,"196,024 km2 (75,685 sq mi)","308/km2 (800/sq mi)",919,14,2236
"164","Gujarat","19/05/20",11745,60439692,34694609,25745083,"196,024 km2 (75,685 sq mi)","308/km2 (800/sq mi)",919,14,2236
"165","Gujarat","07/05/20",6625,60439692,34694609,25745083,"196,024 km2 (75,685 sq mi)","308/km2 (800/sq mi)",919,14,2236
"166","Gujarat","09/05/20",7402,60439692,34694609,25745083,"196,024 km2 (75,685 sq mi)","308/km2 (800/sq mi)",919,14,2236
"167","Gujarat","13/05/20",8903,60439692,34694609,25745083,"196,024 km2 (75,685 sq mi)","308/km2 (800/sq mi)",919,14,2236
"168","Gujarat","21/06/20",26680,60439692,34694609,25745083,"196,024 km2 (75,685 sq mi)","308/km2 (800/sq mi)",919,14,2236
"169","Gujarat","26/04/20",3071,60439692,34694609,25745083,"196,024 km2 (75,685 sq mi)","308/km2 (800/sq mi)",919,14,2236
"170","Gujarat","15/06/20",23544,60439692,34694609,25745083,"196,024 km2 (75,685 sq mi)","308/km2 (800/sq mi)",919,14,2236
"171","Gujarat","20/05/20",12140,60439692,34694609,25745083,"196,024 km2 (75,685 sq mi)","308/km2 (800/sq mi)",919,14,2236
"172","Gujarat","27/04/20",3301,60439692,34694609,25745083,"196,024 km2 (75,685 sq mi)","308/km2 (800/sq mi)",919,14,2236
"173","Gujarat","06/06/20",19094,60439692,34694609,25745083,"196,024 km2 (75,685 sq mi)","308/km2 (800/sq mi)",919,14,2236
"174","Gujarat","14/05/20",9267,60439692,34694609,25745083,"196,024 km2 (75,685 sq mi)","308/km2 (800/sq mi)",919,14,2236
"175","Gujarat","23/03/20",29,60439692,34694609,25745083,"196,024 km2 (75,685 sq mi)","308/km2 (800/sq mi)",919,14,2236
"176","Gujarat","07/06/20",19592,60439692,34694609,25745083,"196,024 km2 (75,685 sq mi)","308/km2 (800/sq mi)",919,14,2236
"177","Gujarat","15/05/20",9591,60439692,34694609,25745083,"196,024 km2 (75,685 sq mi)","308/km2 (800/sq mi)",919,14,2236
"178","Gujarat","20/06/20",26141,60439692,34694609,25745083,"196,024 km2 (75,685 sq mi)","308/km2 (800/sq mi)",919,14,2236
"179","Gujarat","08/06/20",20070,60439692,34694609,25745083,"196,024 km2 (75,685 sq mi)","308/km2 (800/sq mi)",919,14,2236
"180","Gujarat","16/05/20",9931,60439692,34694609,25745083,"196,024 km2 (75,685 sq mi)","308/km2 (800/sq mi)",919,14,2236
"181","Gujarat","14/06/20",23038,60439692,34694609,25745083,"196,024 km2 (75,685 sq mi)","308/km2 (800/sq mi)",919,14,2236
"182","Gujarat","13/06/20",22527,60439692,34694609,25745083,"196,024 km2 (75,685 sq mi)","308/km2 (800/sq mi)",919,14,2236
"183","Gujarat","11/06/20",21521,60439692,34694609,25745083,"196,024 km2 (75,685 sq mi)","308/km2 (800/sq mi)",919,14,2236
"184","Gujarat","11/05/20",8194,60439692,34694609,25745083,"196,024 km2 (75,685 sq mi)","308/km2 (800/sq mi)",919,14,2236
"185","Gujarat","10/05/20",7796,60439692,34694609,25745083,"196,024 km2 (75,685 sq mi)","308/km2 (800/sq mi)",919,14,2236
"186","Gujarat","12/06/20",22032,60439692,34694609,25745083,"196,024 km2 (75,685 sq mi)","308/km2 (800/sq mi)",919,14,2236
"187","Gujarat","10/06/20",21014,60439692,34694609,25745083,"196,024 km2 (75,685 sq mi)","308/km2 (800/sq mi)",919,14,2236
"188","Gujarat","09/06/20",20545,60439692,34694609,25745083,"196,024 km2 (75,685 sq mi)","308/km2 (800/sq mi)",919,14,2236
"189","Gujarat","18/05/20",11379,60439692,34694609,25745083,"196,024 km2 (75,685 sq mi)","308/km2 (800/sq mi)",919,14,2236
"190","Jharkhand","02/05/20",111,32988134,25055073,7933061,"79,714 km2 (30,778 sq mi)","414/km2 (1,070/sq mi)",948,3,558
"191","Jharkhand","03/05/20",115,32988134,25055073,7933061,"79,714 km2 (30,778 sq mi)","414/km2 (1,070/sq mi)",948,3,558
"192","Jharkhand","14/04/20",24,32988134,25055073,7933061,"79,714 km2 (30,778 sq mi)","414/km2 (1,070/sq mi)",948,3,558
"193","Jharkhand","05/05/20",115,32988134,25055073,7933061,"79,714 km2 (30,778 sq mi)","414/km2 (1,070/sq mi)",948,3,558
"194","Jharkhand","04/05/20",115,32988134,25055073,7933061,"79,714 km2 (30,778 sq mi)","414/km2 (1,070/sq mi)",948,3,558
"195","Jharkhand","15/04/20",27,32988134,25055073,7933061,"79,714 km2 (30,778 sq mi)","414/km2 (1,070/sq mi)",948,3,558
"196","Jharkhand","24/05/20",350,32988134,25055073,7933061,"79,714 km2 (30,778 sq mi)","414/km2 (1,070/sq mi)",948,3,558
"197","Jharkhand","01/04/20",1,32988134,25055073,7933061,"79,714 km2 (30,778 sq mi)","414/km2 (1,070/sq mi)",948,3,558
"198","Jharkhand","16/04/20",28,32988134,25055073,7933061,"79,714 km2 (30,778 sq mi)","414/km2 (1,070/sq mi)",948,3,558
"199","Jharkhand","01/05/20",111,32988134,25055073,7933061,"79,714 km2 (30,778 sq mi)","414/km2 (1,070/sq mi)",948,3,558
"200","Jharkhand","06/05/20",125,32988134,25055073,7933061,"79,714 km2 (30,778 sq mi)","414/km2 (1,070/sq mi)",948,3,558
"201","Jharkhand","17/04/20",29,32988134,25055073,7933061,"79,714 km2 (30,778 sq mi)","414/km2 (1,070/sq mi)",948,3,558
"202","Jharkhand","03/04/20",2,32988134,25055073,7933061,"79,714 km2 (30,778 sq mi)","414/km2 (1,070/sq mi)",948,3,558
"203","Jharkhand","25/05/20",370,32988134,25055073,7933061,"79,714 km2 (30,778 sq mi)","414/km2 (1,070/sq mi)",948,3,558
"204","Jharkhand","02/04/20",1,32988134,25055073,7933061,"79,714 km2 (30,778 sq mi)","414/km2 (1,070/sq mi)",948,3,558
"205","Jharkhand","04/04/20",2,32988134,25055073,7933061,"79,714 km2 (30,778 sq mi)","414/km2 (1,070/sq mi)",948,3,558
"206","Jharkhand","26/05/20",377,32988134,25055073,7933061,"79,714 km2 (30,778 sq mi)","414/km2 (1,070/sq mi)",948,3,558
"207","Jharkhand","07/05/20",127,32988134,25055073,7933061,"79,714 km2 (30,778 sq mi)","414/km2 (1,070/sq mi)",948,3,558
"208","Jharkhand","18/04/20",33,32988134,25055073,7933061,"79,714 km2 (30,778 sq mi)","414/km2 (1,070/sq mi)",948,3,558
"209","Jharkhand","20/04/20",42,32988134,25055073,7933061,"79,714 km2 (30,778 sq mi)","414/km2 (1,070/sq mi)",948,3,558
"210","Jharkhand","19/05/20",223,32988134,25055073,7933061,"79,714 km2 (30,778 sq mi)","414/km2 (1,070/sq mi)",948,3,558
"211","Jharkhand","21/05/20",231,32988134,25055073,7933061,"79,714 km2 (30,778 sq mi)","414/km2 (1,070/sq mi)",948,3,558
"212","Jharkhand","05/04/20",3,32988134,25055073,7933061,"79,714 km2 (30,778 sq mi)","414/km2 (1,070/sq mi)",948,3,558
"213","Jharkhand","27/05/20",426,32988134,25055073,7933061,"79,714 km2 (30,778 sq mi)","414/km2 (1,070/sq mi)",948,3,558
"214","Jharkhand","08/05/20",132,32988134,25055073,7933061,"79,714 km2 (30,778 sq mi)","414/km2 (1,070/sq mi)",948,3,558
"215","Jharkhand","19/04/20",35,32988134,25055073,7933061,"79,714 km2 (30,778 sq mi)","414/km2 (1,070/sq mi)",948,3,558
"216","Jharkhand","21/04/20",46,32988134,25055073,7933061,"79,714 km2 (30,778 sq mi)","414/km2 (1,070/sq mi)",948,3,558
"217","Jharkhand","20/05/20",231,32988134,25055073,7933061,"79,714 km2 (30,778 sq mi)","414/km2 (1,070/sq mi)",948,3,558
"218","Jharkhand","22/05/20",290,32988134,25055073,7933061,"79,714 km2 (30,778 sq mi)","414/km2 (1,070/sq mi)",948,3,558
"219","Jharkhand","06/04/20",4,32988134,25055073,7933061,"79,714 km2 (30,778 sq mi)","414/km2 (1,070/sq mi)",948,3,558
"220","Jharkhand","28/05/20",448,32988134,25055073,7933061,"79,714 km2 (30,778 sq mi)","414/km2 (1,070/sq mi)",948,3,558
"221","Jharkhand","09/05/20",132,32988134,25055073,7933061,"79,714 km2 (30,778 sq mi)","414/km2 (1,070/sq mi)",948,3,558
"222","Jharkhand","11/05/20",157,32988134,25055073,7933061,"79,714 km2 (30,778 sq mi)","414/km2 (1,070/sq mi)",948,3,558
"223","Jharkhand","22/04/20",45,32988134,25055073,7933061,"79,714 km2 (30,778 sq mi)","414/km2 (1,070/sq mi)",948,3,558
"224","Jharkhand","24/04/20",55,32988134,25055073,7933061,"79,714 km2 (30,778 sq mi)","414/km2 (1,070/sq mi)",948,3,558
"225","Jharkhand","23/05/20",308,32988134,25055073,7933061,"79,714 km2 (30,778 sq mi)","414/km2 (1,070/sq mi)",948,3,558
"226","Jharkhand","07/04/20",4,32988134,25055073,7933061,"79,714 km2 (30,778 sq mi)","414/km2 (1,070/sq mi)",948,3,558
"227","Jharkhand","29/05/20",469,32988134,25055073,7933061,"79,714 km2 (30,778 sq mi)","414/km2 (1,070/sq mi)",948,3,558
"228","Jharkhand","10/05/20",156,32988134,25055073,7933061,"79,714 km2 (30,778 sq mi)","414/km2 (1,070/sq mi)",948,3,558
"229","Jharkhand","12/05/20",160,32988134,25055073,7933061,"79,714 km2 (30,778 sq mi)","414/km2 (1,070/sq mi)",948,3,558
"230","Jharkhand","23/04/20",49,32988134,25055073,7933061,"79,714 km2 (30,778 sq mi)","414/km2 (1,070/sq mi)",948,3,558
"231","Jharkhand","25/04/20",59,32988134,25055073,7933061,"79,714 km2 (30,778 sq mi)","414/km2 (1,070/sq mi)",948,3,558
"232","Jharkhand","16/06/20",1763,32988134,25055073,7933061,"79,714 km2 (30,778 sq mi)","414/km2 (1,070/sq mi)",948,3,558
"233","Jharkhand","08/04/20",4,32988134,25055073,7933061,"79,714 km2 (30,778 sq mi)","414/km2 (1,070/sq mi)",948,3,558
"234","Jharkhand","30/05/20",511,32988134,25055073,7933061,"79,714 km2 (30,778 sq mi)","414/km2 (1,070/sq mi)",948,3,558
"235","Jharkhand","05/06/20",793,32988134,25055073,7933061,"79,714 km2 (30,778 sq mi)","414/km2 (1,070/sq mi)",948,3,558
"236","Jharkhand","13/05/20",172,32988134,25055073,7933061,"79,714 km2 (30,778 sq mi)","414/km2 (1,070/sq mi)",948,3,558
"237","Jharkhand","11/06/20",1489,32988134,25055073,7933061,"79,714 km2 (30,778 sq mi)","414/km2 (1,070/sq mi)",948,3,558
"238","Jharkhand","26/04/20",67,32988134,25055073,7933061,"79,714 km2 (30,778 sq mi)","414/km2 (1,070/sq mi)",948,3,558
"239","Jharkhand","17/06/20",1839,32988134,25055073,7933061,"79,714 km2 (30,778 sq mi)","414/km2 (1,070/sq mi)",948,3,558
"240","Jharkhand","09/04/20",13,32988134,25055073,7933061,"79,714 km2 (30,778 sq mi)","414/km2 (1,070/sq mi)",948,3,558
"241","Jharkhand","31/05/20",563,32988134,25055073,7933061,"79,714 km2 (30,778 sq mi)","414/km2 (1,070/sq mi)",948,3,558
"242","Jharkhand","06/06/20",881,32988134,25055073,7933061,"79,714 km2 (30,778 sq mi)","414/km2 (1,070/sq mi)",948,3,558
"243","Jharkhand","14/05/20",173,32988134,25055073,7933061,"79,714 km2 (30,778 sq mi)","414/km2 (1,070/sq mi)",948,3,558
"244","Jharkhand","12/06/20",1599,32988134,25055073,7933061,"79,714 km2 (30,778 sq mi)","414/km2 (1,070/sq mi)",948,3,558
"245","Jharkhand","27/04/20",82,32988134,25055073,7933061,"79,714 km2 (30,778 sq mi)","414/km2 (1,070/sq mi)",948,3,558
"246","Jharkhand","18/06/20",1895,32988134,25055073,7933061,"79,714 km2 (30,778 sq mi)","414/km2 (1,070/sq mi)",948,3,558
"247","Jharkhand","10/04/20",13,32988134,25055073,7933061,"79,714 km2 (30,778 sq mi)","414/km2 (1,070/sq mi)",948,3,558
"248","Jharkhand","01/06/20",610,32988134,25055073,7933061,"79,714 km2 (30,778 sq mi)","414/km2 (1,070/sq mi)",948,3,558
"249","Jharkhand","07/06/20",1000,32988134,25055073,7933061,"79,714 km2 (30,778 sq mi)","414/km2 (1,070/sq mi)",948,3,558
"250","Jharkhand","15/05/20",197,32988134,25055073,7933061,"79,714 km2 (30,778 sq mi)","414/km2 (1,070/sq mi)",948,3,558
"251","Jharkhand","13/06/20",1617,32988134,25055073,7933061,"79,714 km2 (30,778 sq mi)","414/km2 (1,070/sq mi)",948,3,558
"252","Jharkhand","28/04/20",103,32988134,25055073,7933061,"79,714 km2 (30,778 sq mi)","414/km2 (1,070/sq mi)",948,3,558
"253","Jharkhand","19/06/20",1920,32988134,25055073,7933061,"79,714 km2 (30,778 sq mi)","414/km2 (1,070/sq mi)",948,3,558
"254","Jharkhand","11/04/20",17,32988134,25055073,7933061,"79,714 km2 (30,778 sq mi)","414/km2 (1,070/sq mi)",948,3,558
"255","Jharkhand","02/06/20",659,32988134,25055073,7933061,"79,714 km2 (30,778 sq mi)","414/km2 (1,070/sq mi)",948,3,558
"256","Jharkhand","08/06/20",1099,32988134,25055073,7933061,"79,714 km2 (30,778 sq mi)","414/km2 (1,070/sq mi)",948,3,558
"257","Jharkhand","16/05/20",203,32988134,25055073,7933061,"79,714 km2 (30,778 sq mi)","414/km2 (1,070/sq mi)",948,3,558
"258","Jharkhand","14/06/20",1711,32988134,25055073,7933061,"79,714 km2 (30,778 sq mi)","414/km2 (1,070/sq mi)",948,3,558
"259","Jharkhand","29/04/20",105,32988134,25055073,7933061,"79,714 km2 (30,778 sq mi)","414/km2 (1,070/sq mi)",948,3,558
"260","Jharkhand","20/06/20",1965,32988134,25055073,7933061,"79,714 km2 (30,778 sq mi)","414/km2 (1,070/sq mi)",948,3,558
"261","Jharkhand","12/04/20",17,32988134,25055073,7933061,"79,714 km2 (30,778 sq mi)","414/km2 (1,070/sq mi)",948,3,558
"262","Jharkhand","03/06/20",712,32988134,25055073,7933061,"79,714 km2 (30,778 sq mi)","414/km2 (1,070/sq mi)",948,3,558
"263","Jharkhand","09/06/20",1256,32988134,25055073,7933061,"79,714 km2 (30,778 sq mi)","414/km2 (1,070/sq mi)",948,3,558
"264","Jharkhand","17/05/20",217,32988134,25055073,7933061,"79,714 km2 (30,778 sq mi)","414/km2 (1,070/sq mi)",948,3,558
"265","Jharkhand","15/06/20",1745,32988134,25055073,7933061,"79,714 km2 (30,778 sq mi)","414/km2 (1,070/sq mi)",948,3,558
"266","Jharkhand","30/04/20",107,32988134,25055073,7933061,"79,714 km2 (30,778 sq mi)","414/km2 (1,070/sq mi)",948,3,558
"267","Jharkhand","21/06/20",1965,32988134,25055073,7933061,"79,714 km2 (30,778 sq mi)","414/km2 (1,070/sq mi)",948,3,558
"268","Jharkhand","13/04/20",19,32988134,25055073,7933061,"79,714 km2 (30,778 sq mi)","414/km2 (1,070/sq mi)",948,3,558
"269","Jharkhand","04/06/20",752,32988134,25055073,7933061,"79,714 km2 (30,778 sq mi)","414/km2 (1,070/sq mi)",948,3,558
"270","Jharkhand","10/06/20",1411,32988134,25055073,7933061,"79,714 km2 (30,778 sq mi)","414/km2 (1,070/sq mi)",948,3,558
"271","Jharkhand","18/05/20",223,32988134,25055073,7933061,"79,714 km2 (30,778 sq mi)","414/km2 (1,070/sq mi)",948,3,558
"272","Madhya Pradesh","29/03/20",30,72626809,52557404,20069405,"308,245 km2 (119,014 sq mi)","236/km2 (610/sq mi)",931,10,1867
"273","Madhya Pradesh","30/03/20",47,72626809,52557404,20069405,"308,245 km2 (119,014 sq mi)","236/km2 (610/sq mi)",931,10,1867
"274","Madhya Pradesh","03/04/20",104,72626809,52557404,20069405,"308,245 km2 (119,014 sq mi)","236/km2 (610/sq mi)",931,10,1867
"275","Madhya Pradesh","06/04/20",165,72626809,52557404,20069405,"308,245 km2 (119,014 sq mi)","236/km2 (610/sq mi)",931,10,1867
"276","Madhya Pradesh","02/04/20",99,72626809,52557404,20069405,"308,245 km2 (119,014 sq mi)","236/km2 (610/sq mi)",931,10,1867
"277","Madhya Pradesh","27/03/20",20,72626809,52557404,20069405,"308,245 km2 (119,014 sq mi)","236/km2 (610/sq mi)",931,10,1867
"278","Madhya Pradesh","21/03/20",4,72626809,52557404,20069405,"308,245 km2 (119,014 sq mi)","236/km2 (610/sq mi)",931,10,1867
"279","Madhya Pradesh","28/03/20",30,72626809,52557404,20069405,"308,245 km2 (119,014 sq mi)","236/km2 (610/sq mi)",931,10,1867
"280","Madhya Pradesh","12/06/20",10241,72626809,52557404,20069405,"308,245 km2 (119,014 sq mi)","236/km2 (610/sq mi)",931,10,1867
"281","Madhya Pradesh","04/04/20",104,72626809,52557404,20069405,"308,245 km2 (119,014 sq mi)","236/km2 (610/sq mi)",931,10,1867
"282","Madhya Pradesh","26/03/20",20,72626809,52557404,20069405,"308,245 km2 (119,014 sq mi)","236/km2 (610/sq mi)",931,10,1867
"283","Madhya Pradesh","01/04/20",66,72626809,52557404,20069405,"308,245 km2 (119,014 sq mi)","236/km2 (610/sq mi)",931,10,1867
"284","Madhya Pradesh","05/04/20",165,72626809,52557404,20069405,"308,245 km2 (119,014 sq mi)","236/km2 (610/sq mi)",931,10,1867
"285","Madhya Pradesh","07/04/20",229,72626809,52557404,20069405,"308,245 km2 (119,014 sq mi)","236/km2 (610/sq mi)",931,10,1867
"286","Madhya Pradesh","25/04/20",1952,72626809,52557404,20069405,"308,245 km2 (119,014 sq mi)","236/km2 (610/sq mi)",931,10,1867
"287","Madhya Pradesh","16/06/20",10935,72626809,52557404,20069405,"308,245 km2 (119,014 sq mi)","236/km2 (610/sq mi)",931,10,1867
"288","Madhya Pradesh","08/04/20",229,72626809,52557404,20069405,"308,245 km2 (119,014 sq mi)","236/km2 (610/sq mi)",931,10,1867
"289","Madhya Pradesh","31/03/20",47,72626809,52557404,20069405,"308,245 km2 (119,014 sq mi)","236/km2 (610/sq mi)",931,10,1867
"290","Madhya Pradesh","18/04/20",1355,72626809,52557404,20069405,"308,245 km2 (119,014 sq mi)","236/km2 (610/sq mi)",931,10,1867
"291","Madhya Pradesh","22/04/20",1592,72626809,52557404,20069405,"308,245 km2 (119,014 sq mi)","236/km2 (610/sq mi)",931,10,1867
"292","Madhya Pradesh","11/06/20",10049,72626809,52557404,20069405,"308,245 km2 (119,014 sq mi)","236/km2 (610/sq mi)",931,10,1867
"293","Madhya Pradesh","14/04/20",730,72626809,52557404,20069405,"308,245 km2 (119,014 sq mi)","236/km2 (610/sq mi)",931,10,1867
"294","Madhya Pradesh","17/06/20",11083,72626809,52557404,20069405,"308,245 km2 (119,014 sq mi)","236/km2 (610/sq mi)",931,10,1867
"295","Madhya Pradesh","09/04/20",259,72626809,52557404,20069405,"308,245 km2 (119,014 sq mi)","236/km2 (610/sq mi)",931,10,1867
"296","Madhya Pradesh","15/04/20",987,72626809,52557404,20069405,"308,245 km2 (119,014 sq mi)","236/km2 (610/sq mi)",931,10,1867
"297","Madhya Pradesh","26/04/20",2096,72626809,52557404,20069405,"308,245 km2 (119,014 sq mi)","236/km2 (610/sq mi)",931,10,1867
"298","Madhya Pradesh","21/04/20",1540,72626809,52557404,20069405,"308,245 km2 (119,014 sq mi)","236/km2 (610/sq mi)",931,10,1867
"299","Madhya Pradesh","22/03/20",4,72626809,52557404,20069405,"308,245 km2 (119,014 sq mi)","236/km2 (610/sq mi)",931,10,1867
"300","Madhya Pradesh","27/04/20",2168,72626809,52557404,20069405,"308,245 km2 (119,014 sq mi)","236/km2 (610/sq mi)",931,10,1867
"301","Madhya Pradesh","18/06/20",11244,72626809,52557404,20069405,"308,245 km2 (119,014 sq mi)","236/km2 (610/sq mi)",931,10,1867
"302","Madhya Pradesh","10/04/20",259,72626809,52557404,20069405,"308,245 km2 (119,014 sq mi)","236/km2 (610/sq mi)",931,10,1867
"303","Madhya Pradesh","16/04/20",1120,72626809,52557404,20069405,"308,245 km2 (119,014 sq mi)","236/km2 (610/sq mi)",931,10,1867
"304","Madhya Pradesh","20/04/20",1485,72626809,52557404,20069405,"308,245 km2 (119,014 sq mi)","236/km2 (610/sq mi)",931,10,1867
"305","Madhya Pradesh","23/03/20",6,72626809,52557404,20069405,"308,245 km2 (119,014 sq mi)","236/km2 (610/sq mi)",931,10,1867
"306","Madhya Pradesh","13/06/20",10443,72626809,52557404,20069405,"308,245 km2 (119,014 sq mi)","236/km2 (610/sq mi)",931,10,1867
"307","Madhya Pradesh","28/04/20",2368,72626809,52557404,20069405,"308,245 km2 (119,014 sq mi)","236/km2 (610/sq mi)",931,10,1867
"308","Madhya Pradesh","19/06/20",11426,72626809,52557404,20069405,"308,245 km2 (119,014 sq mi)","236/km2 (610/sq mi)",931,10,1867
"309","Madhya Pradesh","11/04/20",443,72626809,52557404,20069405,"308,245 km2 (119,014 sq mi)","236/km2 (610/sq mi)",931,10,1867
"310","Madhya Pradesh","17/04/20",1308,72626809,52557404,20069405,"308,245 km2 (119,014 sq mi)","236/km2 (610/sq mi)",931,10,1867
"311","Madhya Pradesh","24/03/20",7,72626809,52557404,20069405,"308,245 km2 (119,014 sq mi)","236/km2 (610/sq mi)",931,10,1867
"312","Madhya Pradesh","23/04/20",1695,72626809,52557404,20069405,"308,245 km2 (119,014 sq mi)","236/km2 (610/sq mi)",931,10,1867
"313","Madhya Pradesh","14/06/20",10641,72626809,52557404,20069405,"308,245 km2 (119,014 sq mi)","236/km2 (610/sq mi)",931,10,1867
"314","Madhya Pradesh","29/04/20",2561,72626809,52557404,20069405,"308,245 km2 (119,014 sq mi)","236/km2 (610/sq mi)",931,10,1867
"315","Madhya Pradesh","20/06/20",11582,72626809,52557404,20069405,"308,245 km2 (119,014 sq mi)","236/km2 (610/sq mi)",931,10,1867
"316","Madhya Pradesh","12/04/20",564,72626809,52557404,20069405,"308,245 km2 (119,014 sq mi)","236/km2 (610/sq mi)",931,10,1867
"317","Madhya Pradesh","25/03/20",14,72626809,52557404,20069405,"308,245 km2 (119,014 sq mi)","236/km2 (610/sq mi)",931,10,1867
"318","Madhya Pradesh","09/06/20",9638,72626809,52557404,20069405,"308,245 km2 (119,014 sq mi)","236/km2 (610/sq mi)",931,10,1867
"319","Madhya Pradesh","24/04/20",1852,72626809,52557404,20069405,"308,245 km2 (119,014 sq mi)","236/km2 (610/sq mi)",931,10,1867
"320","Madhya Pradesh","15/06/20",10802,72626809,52557404,20069405,"308,245 km2 (119,014 sq mi)","236/km2 (610/sq mi)",931,10,1867
"321","Madhya Pradesh","30/04/20",2660,72626809,52557404,20069405,"308,245 km2 (119,014 sq mi)","236/km2 (610/sq mi)",931,10,1867
"322","Madhya Pradesh","21/06/20",11724,72626809,52557404,20069405,"308,245 km2 (119,014 sq mi)","236/km2 (610/sq mi)",931,10,1867
"323","Madhya Pradesh","13/04/20",604,72626809,52557404,20069405,"308,245 km2 (119,014 sq mi)","236/km2 (610/sq mi)",931,10,1867
"324","Madhya Pradesh","19/04/20",1407,72626809,52557404,20069405,"308,245 km2 (119,014 sq mi)","236/km2 (610/sq mi)",931,10,1867
"325","Madhya Pradesh","10/06/20",9849,72626809,52557404,20069405,"308,245 km2 (119,014 sq mi)","236/km2 (610/sq mi)",931,10,1867
"326","Madhya Pradesh","18/05/20",4977,72626809,52557404,20069405,"308,245 km2 (119,014 sq mi)","236/km2 (610/sq mi)",931,10,1867
"327","Madhya Pradesh","20/05/20",5465,72626809,52557404,20069405,"308,245 km2 (119,014 sq mi)","236/km2 (610/sq mi)",931,10,1867
"328","Madhya Pradesh","01/05/20",2719,72626809,52557404,20069405,"308,245 km2 (119,014 sq mi)","236/km2 (610/sq mi)",931,10,1867
"329","Madhya Pradesh","03/05/20",2846,72626809,52557404,20069405,"308,245 km2 (119,014 sq mi)","236/km2 (610/sq mi)",931,10,1867
"330","Madhya Pradesh","07/05/20",3138,72626809,52557404,20069405,"308,245 km2 (119,014 sq mi)","236/km2 (610/sq mi)",931,10,1867
"331","Madhya Pradesh","05/06/20",8762,72626809,52557404,20069405,"308,245 km2 (119,014 sq mi)","236/km2 (610/sq mi)",931,10,1867
"332","Madhya Pradesh","13/05/20",3986,72626809,52557404,20069405,"308,245 km2 (119,014 sq mi)","236/km2 (610/sq mi)",931,10,1867
"333","Madhya Pradesh","19/05/20",5236,72626809,52557404,20069405,"308,245 km2 (119,014 sq mi)","236/km2 (610/sq mi)",931,10,1867
"334","Madhya Pradesh","21/05/20",5735,72626809,52557404,20069405,"308,245 km2 (119,014 sq mi)","236/km2 (610/sq mi)",931,10,1867
"335","Madhya Pradesh","02/05/20",2719,72626809,52557404,20069405,"308,245 km2 (119,014 sq mi)","236/km2 (610/sq mi)",931,10,1867
"336","Madhya Pradesh","04/05/20",2942,72626809,52557404,20069405,"308,245 km2 (119,014 sq mi)","236/km2 (610/sq mi)",931,10,1867
"337","Madhya Pradesh","08/05/20",3252,72626809,52557404,20069405,"308,245 km2 (119,014 sq mi)","236/km2 (610/sq mi)",931,10,1867
"338","Madhya Pradesh","06/06/20",8996,72626809,52557404,20069405,"308,245 km2 (119,014 sq mi)","236/km2 (610/sq mi)",931,10,1867
"339","Madhya Pradesh","14/05/20",4173,72626809,52557404,20069405,"308,245 km2 (119,014 sq mi)","236/km2 (610/sq mi)",931,10,1867
"340","Madhya Pradesh","16/05/20",4595,72626809,52557404,20069405,"308,245 km2 (119,014 sq mi)","236/km2 (610/sq mi)",931,10,1867
"341","Madhya Pradesh","22/05/20",5981,72626809,52557404,20069405,"308,245 km2 (119,014 sq mi)","236/km2 (610/sq mi)",931,10,1867
"342","Madhya Pradesh","24/05/20",6371,72626809,52557404,20069405,"308,245 km2 (119,014 sq mi)","236/km2 (610/sq mi)",931,10,1867
"343","Madhya Pradesh","05/05/20",3049,72626809,52557404,20069405,"308,245 km2 (119,014 sq mi)","236/km2 (610/sq mi)",931,10,1867
"344","Madhya Pradesh","09/05/20",3341,72626809,52557404,20069405,"308,245 km2 (119,014 sq mi)","236/km2 (610/sq mi)",931,10,1867
"345","Madhya Pradesh","07/06/20",9228,72626809,52557404,20069405,"308,245 km2 (119,014 sq mi)","236/km2 (610/sq mi)",931,10,1867
"346","Madhya Pradesh","15/05/20",4426,72626809,52557404,20069405,"308,245 km2 (119,014 sq mi)","236/km2 (610/sq mi)",931,10,1867
"347","Madhya Pradesh","17/05/20",4789,72626809,52557404,20069405,"308,245 km2 (119,014 sq mi)","236/km2 (610/sq mi)",931,10,1867
"348","Madhya Pradesh","23/05/20",6170,72626809,52557404,20069405,"308,245 km2 (119,014 sq mi)","236/km2 (610/sq mi)",931,10,1867
"349","Madhya Pradesh","25/05/20",6665,72626809,52557404,20069405,"308,245 km2 (119,014 sq mi)","236/km2 (610/sq mi)",931,10,1867
"350","Madhya Pradesh","06/05/20",3049,72626809,52557404,20069405,"308,245 km2 (119,014 sq mi)","236/km2 (610/sq mi)",931,10,1867
"351","Madhya Pradesh","10/05/20",3614,72626809,52557404,20069405,"308,245 km2 (119,014 sq mi)","236/km2 (610/sq mi)",931,10,1867
"352","Madhya Pradesh","08/06/20",9401,72626809,52557404,20069405,"308,245 km2 (119,014 sq mi)","236/km2 (610/sq mi)",931,10,1867
"353","Madhya Pradesh","04/06/20",8588,72626809,52557404,20069405,"308,245 km2 (119,014 sq mi)","236/km2 (610/sq mi)",931,10,1867
"354","Madhya Pradesh","11/05/20",3614,72626809,52557404,20069405,"308,245 km2 (119,014 sq mi)","236/km2 (610/sq mi)",931,10,1867
"355","Madhya Pradesh","03/06/20",8420,72626809,52557404,20069405,"308,245 km2 (119,014 sq mi)","236/km2 (610/sq mi)",931,10,1867
"356","Madhya Pradesh","26/05/20",6859,72626809,52557404,20069405,"308,245 km2 (119,014 sq mi)","236/km2 (610/sq mi)",931,10,1867
"357","Madhya Pradesh","30/05/20",7645,72626809,52557404,20069405,"308,245 km2 (119,014 sq mi)","236/km2 (610/sq mi)",931,10,1867
"358","Madhya Pradesh","28/05/20",7261,72626809,52557404,20069405,"308,245 km2 (119,014 sq mi)","236/km2 (610/sq mi)",931,10,1867
"359","Madhya Pradesh","27/05/20",7024,72626809,52557404,20069405,"308,245 km2 (119,014 sq mi)","236/km2 (610/sq mi)",931,10,1867
"360","Madhya Pradesh","31/05/20",7891,72626809,52557404,20069405,"308,245 km2 (119,014 sq mi)","236/km2 (610/sq mi)",931,10,1867
"361","Madhya Pradesh","12/05/20",3785,72626809,52557404,20069405,"308,245 km2 (119,014 sq mi)","236/km2 (610/sq mi)",931,10,1867
"362","Madhya Pradesh","02/06/20",8283,72626809,52557404,20069405,"308,245 km2 (119,014 sq mi)","236/km2 (610/sq mi)",931,10,1867
"363","Madhya Pradesh","01/06/20",8089,72626809,52557404,20069405,"308,245 km2 (119,014 sq mi)","236/km2 (610/sq mi)",931,10,1867
"364","Madhya Pradesh","29/05/20",7453,72626809,52557404,20069405,"308,245 km2 (119,014 sq mi)","236/km2 (610/sq mi)",931,10,1867
"365","Maharashtra","09/03/20",2,112374333,61556074,50818259,"307,713 km2 (118,809 sq mi)","365/km2 (950/sq mi)",929,39,3239
"366","Maharashtra","10/03/20",5,112374333,61556074,50818259,"307,713 km2 (118,809 sq mi)","365/km2 (950/sq mi)",929,39,3239
"367","Maharashtra","11/03/20",2,112374333,61556074,50818259,"307,713 km2 (118,809 sq mi)","365/km2 (950/sq mi)",929,39,3239
"368","Maharashtra","12/03/20",11,112374333,61556074,50818259,"307,713 km2 (118,809 sq mi)","365/km2 (950/sq mi)",929,39,3239
"369","Maharashtra","13/03/20",14,112374333,61556074,50818259,"307,713 km2 (118,809 sq mi)","365/km2 (950/sq mi)",929,39,3239
"370","Maharashtra","14/03/20",14,112374333,61556074,50818259,"307,713 km2 (118,809 sq mi)","365/km2 (950/sq mi)",929,39,3239
"371","Maharashtra","15/03/20",32,112374333,61556074,50818259,"307,713 km2 (118,809 sq mi)","365/km2 (950/sq mi)",929,39,3239
"372","Maharashtra","16/03/20",32,112374333,61556074,50818259,"307,713 km2 (118,809 sq mi)","365/km2 (950/sq mi)",929,39,3239
"373","Maharashtra","28/05/20",56948,112374333,61556074,50818259,"307,713 km2 (118,809 sq mi)","365/km2 (950/sq mi)",929,39,3239
"374","Maharashtra","17/03/20",39,112374333,61556074,50818259,"307,713 km2 (118,809 sq mi)","365/km2 (950/sq mi)",929,39,3239
"375","Maharashtra","11/05/20",22171,112374333,61556074,50818259,"307,713 km2 (118,809 sq mi)","365/km2 (950/sq mi)",929,39,3239
"376","Maharashtra","18/03/20",42,112374333,61556074,50818259,"307,713 km2 (118,809 sq mi)","365/km2 (950/sq mi)",929,39,3239
"377","Maharashtra","24/04/20",6430,112374333,61556074,50818259,"307,713 km2 (118,809 sq mi)","365/km2 (950/sq mi)",929,39,3239
"378","Maharashtra","15/06/20",107958,112374333,61556074,50818259,"307,713 km2 (118,809 sq mi)","365/km2 (950/sq mi)",929,39,3239
"379","Maharashtra","07/04/20",868,112374333,61556074,50818259,"307,713 km2 (118,809 sq mi)","365/km2 (950/sq mi)",929,39,3239
"380","Maharashtra","19/03/20",47,112374333,61556074,50818259,"307,713 km2 (118,809 sq mi)","365/km2 (950/sq mi)",929,39,3239
"381","Maharashtra","26/03/20",124,112374333,61556074,50818259,"307,713 km2 (118,809 sq mi)","365/km2 (950/sq mi)",929,39,3239
"382","Maharashtra","12/05/20",23401,112374333,61556074,50818259,"307,713 km2 (118,809 sq mi)","365/km2 (950/sq mi)",929,39,3239
"383","Maharashtra","19/04/20",3651,112374333,61556074,50818259,"307,713 km2 (118,809 sq mi)","365/km2 (950/sq mi)",929,39,3239
"384","Maharashtra","25/04/20",6817,112374333,61556074,50818259,"307,713 km2 (118,809 sq mi)","365/km2 (950/sq mi)",929,39,3239
"385","Maharashtra","20/03/20",52,112374333,61556074,50818259,"307,713 km2 (118,809 sq mi)","365/km2 (950/sq mi)",929,39,3239
"386","Maharashtra","08/04/20",1018,112374333,61556074,50818259,"307,713 km2 (118,809 sq mi)","365/km2 (950/sq mi)",929,39,3239
"387","Maharashtra","30/05/20",62228,112374333,61556074,50818259,"307,713 km2 (118,809 sq mi)","365/km2 (950/sq mi)",929,39,3239
"388","Maharashtra","14/04/20",2337,112374333,61556074,50818259,"307,713 km2 (118,809 sq mi)","365/km2 (950/sq mi)",929,39,3239
"389","Maharashtra","13/05/20",24427,112374333,61556074,50818259,"307,713 km2 (118,809 sq mi)","365/km2 (950/sq mi)",929,39,3239
"390","Maharashtra","20/04/20",4203,112374333,61556074,50818259,"307,713 km2 (118,809 sq mi)","365/km2 (950/sq mi)",929,39,3239
"391","Maharashtra","21/03/20",63,112374333,61556074,50818259,"307,713 km2 (118,809 sq mi)","365/km2 (950/sq mi)",929,39,3239
"392","Maharashtra","17/06/20",113445,112374333,61556074,50818259,"307,713 km2 (118,809 sq mi)","365/km2 (950/sq mi)",929,39,3239
"393","Maharashtra","09/04/20",1135,112374333,61556074,50818259,"307,713 km2 (118,809 sq mi)","365/km2 (950/sq mi)",929,39,3239
"394","Maharashtra","31/05/20",65168,112374333,61556074,50818259,"307,713 km2 (118,809 sq mi)","365/km2 (950/sq mi)",929,39,3239
"395","Maharashtra","15/04/20",2687,112374333,61556074,50818259,"307,713 km2 (118,809 sq mi)","365/km2 (950/sq mi)",929,39,3239
"396","Maharashtra","14/05/20",25922,112374333,61556074,50818259,"307,713 km2 (118,809 sq mi)","365/km2 (950/sq mi)",929,39,3239
"397","Maharashtra","22/03/20",67,112374333,61556074,50818259,"307,713 km2 (118,809 sq mi)","365/km2 (950/sq mi)",929,39,3239
"398","Maharashtra","27/04/20",8068,112374333,61556074,50818259,"307,713 km2 (118,809 sq mi)","365/km2 (950/sq mi)",929,39,3239
"399","Maharashtra","18/06/20",116752,112374333,61556074,50818259,"307,713 km2 (118,809 sq mi)","365/km2 (950/sq mi)",929,39,3239
"400","Maharashtra","10/04/20",1364,112374333,61556074,50818259,"307,713 km2 (118,809 sq mi)","365/km2 (950/sq mi)",929,39,3239
"401","Maharashtra","01/06/20",67655,112374333,61556074,50818259,"307,713 km2 (118,809 sq mi)","365/km2 (950/sq mi)",929,39,3239
"402","Maharashtra","16/04/20",2919,112374333,61556074,50818259,"307,713 km2 (118,809 sq mi)","365/km2 (950/sq mi)",929,39,3239
"403","Maharashtra","23/03/20",74,112374333,61556074,50818259,"307,713 km2 (118,809 sq mi)","365/km2 (950/sq mi)",929,39,3239
"404","Maharashtra","22/04/20",5221,112374333,61556074,50818259,"307,713 km2 (118,809 sq mi)","365/km2 (950/sq mi)",929,39,3239
"405","Maharashtra","28/04/20",8590,112374333,61556074,50818259,"307,713 km2 (118,809 sq mi)","365/km2 (950/sq mi)",929,39,3239
"406","Maharashtra","19/06/20",120504,112374333,61556074,50818259,"307,713 km2 (118,809 sq mi)","365/km2 (950/sq mi)",929,39,3239
"407","Maharashtra","11/04/20",1574,112374333,61556074,50818259,"307,713 km2 (118,809 sq mi)","365/km2 (950/sq mi)",929,39,3239
"408","Maharashtra","02/06/20",70013,112374333,61556074,50818259,"307,713 km2 (118,809 sq mi)","365/km2 (950/sq mi)",929,39,3239
"409","Maharashtra","24/03/20",89,112374333,61556074,50818259,"307,713 km2 (118,809 sq mi)","365/km2 (950/sq mi)",929,39,3239
"410","Maharashtra","16/05/20",29100,112374333,61556074,50818259,"307,713 km2 (118,809 sq mi)","365/km2 (950/sq mi)",929,39,3239
"411","Maharashtra","31/03/20",216,112374333,61556074,50818259,"307,713 km2 (118,809 sq mi)","365/km2 (950/sq mi)",929,39,3239
"412","Maharashtra","29/04/20",9318,112374333,61556074,50818259,"307,713 km2 (118,809 sq mi)","365/km2 (950/sq mi)",929,39,3239
"413","Maharashtra","20/06/20",124331,112374333,61556074,50818259,"307,713 km2 (118,809 sq mi)","365/km2 (950/sq mi)",929,39,3239
"414","Maharashtra","12/04/20",1761,112374333,61556074,50818259,"307,713 km2 (118,809 sq mi)","365/km2 (950/sq mi)",929,39,3239
"415","Maharashtra","25/03/20",128,112374333,61556074,50818259,"307,713 km2 (118,809 sq mi)","365/km2 (950/sq mi)",929,39,3239
"416","Maharashtra","18/04/20",3323,112374333,61556074,50818259,"307,713 km2 (118,809 sq mi)","365/km2 (950/sq mi)",929,39,3239
"417","Maharashtra","17/05/20",30706,112374333,61556074,50818259,"307,713 km2 (118,809 sq mi)","365/km2 (950/sq mi)",929,39,3239
"418","Maharashtra","01/04/20",302,112374333,61556074,50818259,"307,713 km2 (118,809 sq mi)","365/km2 (950/sq mi)",929,39,3239
"419","Maharashtra","30/04/20",9915,112374333,61556074,50818259,"307,713 km2 (118,809 sq mi)","365/km2 (950/sq mi)",929,39,3239
"420","Maharashtra","21/06/20",128205,112374333,61556074,50818259,"307,713 km2 (118,809 sq mi)","365/km2 (950/sq mi)",929,39,3239
"421","Maharashtra","06/05/20",15525,112374333,61556074,50818259,"307,713 km2 (118,809 sq mi)","365/km2 (950/sq mi)",929,39,3239
"422","Maharashtra","04/06/20",74860,112374333,61556074,50818259,"307,713 km2 (118,809 sq mi)","365/km2 (950/sq mi)",929,39,3239
"423","Maharashtra","06/06/20",80229,112374333,61556074,50818259,"307,713 km2 (118,809 sq mi)","365/km2 (950/sq mi)",929,39,3239
"424","Maharashtra","18/05/20",33053,112374333,61556074,50818259,"307,713 km2 (118,809 sq mi)","365/km2 (950/sq mi)",929,39,3239
"425","Maharashtra","02/04/20",335,112374333,61556074,50818259,"307,713 km2 (118,809 sq mi)","365/km2 (950/sq mi)",929,39,3239
"426","Maharashtra","01/05/20",10498,112374333,61556074,50818259,"307,713 km2 (118,809 sq mi)","365/km2 (950/sq mi)",929,39,3239
"427","Maharashtra","27/03/20",130,112374333,61556074,50818259,"307,713 km2 (118,809 sq mi)","365/km2 (950/sq mi)",929,39,3239
"428","Maharashtra","07/05/20",16758,112374333,61556074,50818259,"307,713 km2 (118,809 sq mi)","365/km2 (950/sq mi)",929,39,3239
"429","Maharashtra","05/06/20",77793,112374333,61556074,50818259,"307,713 km2 (118,809 sq mi)","365/km2 (950/sq mi)",929,39,3239
"430","Maharashtra","07/06/20",82968,112374333,61556074,50818259,"307,713 km2 (118,809 sq mi)","365/km2 (950/sq mi)",929,39,3239
"431","Maharashtra","19/05/20",35058,112374333,61556074,50818259,"307,713 km2 (118,809 sq mi)","365/km2 (950/sq mi)",929,39,3239
"432","Maharashtra","03/04/20",335,112374333,61556074,50818259,"307,713 km2 (118,809 sq mi)","365/km2 (950/sq mi)",929,39,3239
"433","Maharashtra","28/03/20",180,112374333,61556074,50818259,"307,713 km2 (118,809 sq mi)","365/km2 (950/sq mi)",929,39,3239
"434","Maharashtra","02/05/20",11506,112374333,61556074,50818259,"307,713 km2 (118,809 sq mi)","365/km2 (950/sq mi)",929,39,3239
"435","Maharashtra","08/05/20",17974,112374333,61556074,50818259,"307,713 km2 (118,809 sq mi)","365/km2 (950/sq mi)",929,39,3239
"436","Maharashtra","17/04/20",3205,112374333,61556074,50818259,"307,713 km2 (118,809 sq mi)","365/km2 (950/sq mi)",929,39,3239
"437","Maharashtra","21/04/20",4669,112374333,61556074,50818259,"307,713 km2 (118,809 sq mi)","365/km2 (950/sq mi)",929,39,3239
"438","Maharashtra","20/05/20",37136,112374333,61556074,50818259,"307,713 km2 (118,809 sq mi)","365/km2 (950/sq mi)",929,39,3239
"439","Maharashtra","29/03/20",186,112374333,61556074,50818259,"307,713 km2 (118,809 sq mi)","365/km2 (950/sq mi)",929,39,3239
"440","Maharashtra","03/05/20",12296,112374333,61556074,50818259,"307,713 km2 (118,809 sq mi)","365/km2 (950/sq mi)",929,39,3239
"441","Maharashtra","05/05/20",14541,112374333,61556074,50818259,"307,713 km2 (118,809 sq mi)","365/km2 (950/sq mi)",929,39,3239
"442","Maharashtra","09/05/20",19063,112374333,61556074,50818259,"307,713 km2 (118,809 sq mi)","365/km2 (950/sq mi)",929,39,3239
"443","Maharashtra","03/06/20",72300,112374333,61556074,50818259,"307,713 km2 (118,809 sq mi)","365/km2 (950/sq mi)",929,39,3239
"444","Maharashtra","15/05/20",27524,112374333,61556074,50818259,"307,713 km2 (118,809 sq mi)","365/km2 (950/sq mi)",929,39,3239
"445","Maharashtra","30/03/20",198,112374333,61556074,50818259,"307,713 km2 (118,809 sq mi)","365/km2 (950/sq mi)",929,39,3239
"446","Maharashtra","05/04/20",490,112374333,61556074,50818259,"307,713 km2 (118,809 sq mi)","365/km2 (950/sq mi)",929,39,3239
"447","Maharashtra","04/05/20",12974,112374333,61556074,50818259,"307,713 km2 (118,809 sq mi)","365/km2 (950/sq mi)",929,39,3239
"448","Maharashtra","29/05/20",59546,112374333,61556074,50818259,"307,713 km2 (118,809 sq mi)","365/km2 (950/sq mi)",929,39,3239
"449","Maharashtra","13/04/20",1985,112374333,61556074,50818259,"307,713 km2 (118,809 sq mi)","365/km2 (950/sq mi)",929,39,3239
"450","Maharashtra","08/06/20",85975,112374333,61556074,50818259,"307,713 km2 (118,809 sq mi)","365/km2 (950/sq mi)",929,39,3239
"451","Maharashtra","23/04/20",5652,112374333,61556074,50818259,"307,713 km2 (118,809 sq mi)","365/km2 (950/sq mi)",929,39,3239
"452","Maharashtra","22/05/20",41642,112374333,61556074,50818259,"307,713 km2 (118,809 sq mi)","365/km2 (950/sq mi)",929,39,3239
"453","Maharashtra","06/04/20",748,112374333,61556074,50818259,"307,713 km2 (118,809 sq mi)","365/km2 (950/sq mi)",929,39,3239
"454","Maharashtra","26/05/20",52667,112374333,61556074,50818259,"307,713 km2 (118,809 sq mi)","365/km2 (950/sq mi)",929,39,3239
"455","Maharashtra","23/05/20",44582,112374333,61556074,50818259,"307,713 km2 (118,809 sq mi)","365/km2 (950/sq mi)",929,39,3239
"456","Maharashtra","25/05/20",50231,112374333,61556074,50818259,"307,713 km2 (118,809 sq mi)","365/km2 (950/sq mi)",929,39,3239
"457","Maharashtra","09/06/20",88528,112374333,61556074,50818259,"307,713 km2 (118,809 sq mi)","365/km2 (950/sq mi)",929,39,3239
"458","Maharashtra","11/06/20",94041,112374333,61556074,50818259,"307,713 km2 (118,809 sq mi)","365/km2 (950/sq mi)",929,39,3239
"459","Maharashtra","10/05/20",20228,112374333,61556074,50818259,"307,713 km2 (118,809 sq mi)","365/km2 (950/sq mi)",929,39,3239
"460","Maharashtra","10/06/20",90787,112374333,61556074,50818259,"307,713 km2 (118,809 sq mi)","365/km2 (950/sq mi)",929,39,3239
"461","Maharashtra","27/05/20",54758,112374333,61556074,50818259,"307,713 km2 (118,809 sq mi)","365/km2 (950/sq mi)",929,39,3239
"462","Maharashtra","24/05/20",47190,112374333,61556074,50818259,"307,713 km2 (118,809 sq mi)","365/km2 (950/sq mi)",929,39,3239
"463","Maharashtra","16/06/20",110744,112374333,61556074,50818259,"307,713 km2 (118,809 sq mi)","365/km2 (950/sq mi)",929,39,3239
"464","Maharashtra","26/04/20",7628,112374333,61556074,50818259,"307,713 km2 (118,809 sq mi)","365/km2 (950/sq mi)",929,39,3239
"465","Maharashtra","12/06/20",97648,112374333,61556074,50818259,"307,713 km2 (118,809 sq mi)","365/km2 (950/sq mi)",929,39,3239
"466","Maharashtra","04/04/20",490,112374333,61556074,50818259,"307,713 km2 (118,809 sq mi)","365/km2 (950/sq mi)",929,39,3239
"467","Maharashtra","14/06/20",104568,112374333,61556074,50818259,"307,713 km2 (118,809 sq mi)","365/km2 (950/sq mi)",929,39,3239
"468","Maharashtra","21/05/20",39297,112374333,61556074,50818259,"307,713 km2 (118,809 sq mi)","365/km2 (950/sq mi)",929,39,3239
"469","Maharashtra","13/06/20",101141,112374333,61556074,50818259,"307,713 km2 (118,809 sq mi)","365/km2 (950/sq mi)",929,39,3239
"470","Odisha","12/05/20",414,41974218,34970562,7003656,"155,707 km2 (60,119 sq mi)","269/km2 (700/sq mi)",979,7,1799
"471","Odisha","05/06/20",2478,41974218,34970562,7003656,"155,707 km2 (60,119 sq mi)","269/km2 (700/sq mi)",979,7,1799
"472","Odisha","05/05/20",170,41974218,34970562,7003656,"155,707 km2 (60,119 sq mi)","269/km2 (700/sq mi)",979,7,1799
"473","Odisha","13/05/20",437,41974218,34970562,7003656,"155,707 km2 (60,119 sq mi)","269/km2 (700/sq mi)",979,7,1799
"474","Odisha","04/05/20",163,41974218,34970562,7003656,"155,707 km2 (60,119 sq mi)","269/km2 (700/sq mi)",979,7,1799
"475","Odisha","17/05/20",737,41974218,34970562,7003656,"155,707 km2 (60,119 sq mi)","269/km2 (700/sq mi)",979,7,1799
"476","Odisha","30/05/20",1723,41974218,34970562,7003656,"155,707 km2 (60,119 sq mi)","269/km2 (700/sq mi)",979,7,1799
"477","Odisha","07/05/20",185,41974218,34970562,7003656,"155,707 km2 (60,119 sq mi)","269/km2 (700/sq mi)",979,7,1799
"478","Odisha","18/05/20",828,41974218,34970562,7003656,"155,707 km2 (60,119 sq mi)","269/km2 (700/sq mi)",979,7,1799
"479","Odisha","31/05/20",1819,41974218,34970562,7003656,"155,707 km2 (60,119 sq mi)","269/km2 (700/sq mi)",979,7,1799
"480","Odisha","04/06/20",2388,41974218,34970562,7003656,"155,707 km2 (60,119 sq mi)","269/km2 (700/sq mi)",979,7,1799
"481","Odisha","06/06/20",2608,41974218,34970562,7003656,"155,707 km2 (60,119 sq mi)","269/km2 (700/sq mi)",979,7,1799
"482","Odisha","01/06/20",1948,41974218,34970562,7003656,"155,707 km2 (60,119 sq mi)","269/km2 (700/sq mi)",979,7,1799
"483","Odisha","09/05/20",271,41974218,34970562,7003656,"155,707 km2 (60,119 sq mi)","269/km2 (700/sq mi)",979,7,1799
"484","Odisha","03/05/20",160,41974218,34970562,7003656,"155,707 km2 (60,119 sq mi)","269/km2 (700/sq mi)",979,7,1799
"485","Odisha","26/05/20",1438,41974218,34970562,7003656,"155,707 km2 (60,119 sq mi)","269/km2 (700/sq mi)",979,7,1799
"486","Odisha","23/05/20",1189,41974218,34970562,7003656,"155,707 km2 (60,119 sq mi)","269/km2 (700/sq mi)",979,7,1799
"487","Odisha","28/03/20",3,41974218,34970562,7003656,"155,707 km2 (60,119 sq mi)","269/km2 (700/sq mi)",979,7,1799
"488","Odisha","23/03/20",2,41974218,34970562,7003656,"155,707 km2 (60,119 sq mi)","269/km2 (700/sq mi)",979,7,1799
"489","Odisha","08/05/20",219,41974218,34970562,7003656,"155,707 km2 (60,119 sq mi)","269/km2 (700/sq mi)",979,7,1799
"490","Odisha","10/05/20",294,41974218,34970562,7003656,"155,707 km2 (60,119 sq mi)","269/km2 (700/sq mi)",979,7,1799
"491","Odisha","16/05/20",672,41974218,34970562,7003656,"155,707 km2 (60,119 sq mi)","269/km2 (700/sq mi)",979,7,1799
"492","Odisha","27/05/20",1517,41974218,34970562,7003656,"155,707 km2 (60,119 sq mi)","269/km2 (700/sq mi)",979,7,1799
"493","Odisha","24/05/20",1269,41974218,34970562,7003656,"155,707 km2 (60,119 sq mi)","269/km2 (700/sq mi)",979,7,1799
"494","Odisha","16/03/20",1,41974218,34970562,7003656,"155,707 km2 (60,119 sq mi)","269/km2 (700/sq mi)",979,7,1799
"495","Odisha","28/05/20",1593,41974218,34970562,7003656,"155,707 km2 (60,119 sq mi)","269/km2 (700/sq mi)",979,7,1799
"496","Odisha","25/03/20",2,41974218,34970562,7003656,"155,707 km2 (60,119 sq mi)","269/km2 (700/sq mi)",979,7,1799
"497","Odisha","11/05/20",377,41974218,34970562,7003656,"155,707 km2 (60,119 sq mi)","269/km2 (700/sq mi)",979,7,1799
"498","Odisha","18/03/20",1,41974218,34970562,7003656,"155,707 km2 (60,119 sq mi)","269/km2 (700/sq mi)",979,7,1799
"499","Odisha","24/04/20",90,41974218,34970562,7003656,"155,707 km2 (60,119 sq mi)","269/km2 (700/sq mi)",979,7,1799
"500","Odisha","15/06/20",3909,41974218,34970562,7003656,"155,707 km2 (60,119 sq mi)","269/km2 (700/sq mi)",979,7,1799
"501","Odisha","19/03/20",1,41974218,34970562,7003656,"155,707 km2 (60,119 sq mi)","269/km2 (700/sq mi)",979,7,1799
"502","Odisha","06/05/20",175,41974218,34970562,7003656,"155,707 km2 (60,119 sq mi)","269/km2 (700/sq mi)",979,7,1799
"503","Odisha","26/03/20",2,41974218,34970562,7003656,"155,707 km2 (60,119 sq mi)","269/km2 (700/sq mi)",979,7,1799
"504","Odisha","13/04/20",54,41974218,34970562,7003656,"155,707 km2 (60,119 sq mi)","269/km2 (700/sq mi)",979,7,1799
"505","Odisha","19/04/20",61,41974218,34970562,7003656,"155,707 km2 (60,119 sq mi)","269/km2 (700/sq mi)",979,7,1799
"506","Odisha","22/05/20",1103,41974218,34970562,7003656,"155,707 km2 (60,119 sq mi)","269/km2 (700/sq mi)",979,7,1799
"507","Odisha","20/03/20",2,41974218,34970562,7003656,"155,707 km2 (60,119 sq mi)","269/km2 (700/sq mi)",979,7,1799
"508","Odisha","08/04/20",42,41974218,34970562,7003656,"155,707 km2 (60,119 sq mi)","269/km2 (700/sq mi)",979,7,1799
"509","Odisha","27/03/20",2,41974218,34970562,7003656,"155,707 km2 (60,119 sq mi)","269/km2 (700/sq mi)",979,7,1799
"510","Odisha","14/04/20",55,41974218,34970562,7003656,"155,707 km2 (60,119 sq mi)","269/km2 (700/sq mi)",979,7,1799
"511","Odisha","07/06/20",2781,41974218,34970562,7003656,"155,707 km2 (60,119 sq mi)","269/km2 (700/sq mi)",979,7,1799
"512","Odisha","19/05/20",876,41974218,34970562,7003656,"155,707 km2 (60,119 sq mi)","269/km2 (700/sq mi)",979,7,1799
"513","Odisha","21/03/20",2,41974218,34970562,7003656,"155,707 km2 (60,119 sq mi)","269/km2 (700/sq mi)",979,7,1799
"514","Odisha","25/05/20",1336,41974218,34970562,7003656,"155,707 km2 (60,119 sq mi)","269/km2 (700/sq mi)",979,7,1799
"515","Odisha","09/04/20",42,41974218,34970562,7003656,"155,707 km2 (60,119 sq mi)","269/km2 (700/sq mi)",979,7,1799
"516","Odisha","11/04/20",48,41974218,34970562,7003656,"155,707 km2 (60,119 sq mi)","269/km2 (700/sq mi)",979,7,1799
"517","Odisha","15/04/20",60,41974218,34970562,7003656,"155,707 km2 (60,119 sq mi)","269/km2 (700/sq mi)",979,7,1799
"518","Odisha","14/05/20",538,41974218,34970562,7003656,"155,707 km2 (60,119 sq mi)","269/km2 (700/sq mi)",979,7,1799
"519","Odisha","22/03/20",2,41974218,34970562,7003656,"155,707 km2 (60,119 sq mi)","269/km2 (700/sq mi)",979,7,1799
"520","Odisha","27/04/20",108,41974218,34970562,7003656,"155,707 km2 (60,119 sq mi)","269/km2 (700/sq mi)",979,7,1799
"521","Odisha","18/06/20",4338,41974218,34970562,7003656,"155,707 km2 (60,119 sq mi)","269/km2 (700/sq mi)",979,7,1799
"522","Odisha","10/04/20",44,41974218,34970562,7003656,"155,707 km2 (60,119 sq mi)","269/km2 (700/sq mi)",979,7,1799
"523","Odisha","17/03/20",1,41974218,34970562,7003656,"155,707 km2 (60,119 sq mi)","269/km2 (700/sq mi)",979,7,1799
"524","Odisha","03/06/20",2245,41974218,34970562,7003656,"155,707 km2 (60,119 sq mi)","269/km2 (700/sq mi)",979,7,1799
"525","Odisha","15/05/20",611,41974218,34970562,7003656,"155,707 km2 (60,119 sq mi)","269/km2 (700/sq mi)",979,7,1799
"526","Odisha","30/03/20",3,41974218,34970562,7003656,"155,707 km2 (60,119 sq mi)","269/km2 (700/sq mi)",979,7,1799
"527","Odisha","28/04/20",118,41974218,34970562,7003656,"155,707 km2 (60,119 sq mi)","269/km2 (700/sq mi)",979,7,1799
"528","Odisha","19/06/20",4512,41974218,34970562,7003656,"155,707 km2 (60,119 sq mi)","269/km2 (700/sq mi)",979,7,1799
"529","Odisha","29/05/20",1660,41974218,34970562,7003656,"155,707 km2 (60,119 sq mi)","269/km2 (700/sq mi)",979,7,1799
"530","Odisha","02/06/20",2104,41974218,34970562,7003656,"155,707 km2 (60,119 sq mi)","269/km2 (700/sq mi)",979,7,1799
"531","Odisha","24/03/20",2,41974218,34970562,7003656,"155,707 km2 (60,119 sq mi)","269/km2 (700/sq mi)",979,7,1799
"532","Odisha","08/06/20",2856,41974218,34970562,7003656,"155,707 km2 (60,119 sq mi)","269/km2 (700/sq mi)",979,7,1799
"533","Odisha","31/03/20",3,41974218,34970562,7003656,"155,707 km2 (60,119 sq mi)","269/km2 (700/sq mi)",979,7,1799
"534","Odisha","29/04/20",119,41974218,34970562,7003656,"155,707 km2 (60,119 sq mi)","269/km2 (700/sq mi)",979,7,1799
"535","Odisha","20/06/20",4677,41974218,34970562,7003656,"155,707 km2 (60,119 sq mi)","269/km2 (700/sq mi)",979,7,1799
"536","Odisha","06/04/20",21,41974218,34970562,7003656,"155,707 km2 (60,119 sq mi)","269/km2 (700/sq mi)",979,7,1799
"537","Odisha","30/04/20",128,41974218,34970562,7003656,"155,707 km2 (60,119 sq mi)","269/km2 (700/sq mi)",979,7,1799
"538","Odisha","18/04/20",60,41974218,34970562,7003656,"155,707 km2 (60,119 sq mi)","269/km2 (700/sq mi)",979,7,1799
"539","Odisha","09/06/20",2994,41974218,34970562,7003656,"155,707 km2 (60,119 sq mi)","269/km2 (700/sq mi)",979,7,1799
"540","Odisha","01/04/20",4,41974218,34970562,7003656,"155,707 km2 (60,119 sq mi)","269/km2 (700/sq mi)",979,7,1799
"541","Odisha","17/04/20",60,41974218,34970562,7003656,"155,707 km2 (60,119 sq mi)","269/km2 (700/sq mi)",979,7,1799
"542","Odisha","02/05/20",149,41974218,34970562,7003656,"155,707 km2 (60,119 sq mi)","269/km2 (700/sq mi)",979,7,1799
"543","Odisha","21/06/20",4856,41974218,34970562,7003656,"155,707 km2 (60,119 sq mi)","269/km2 (700/sq mi)",979,7,1799
"544","Odisha","01/05/20",143,41974218,34970562,7003656,"155,707 km2 (60,119 sq mi)","269/km2 (700/sq mi)",979,7,1799
"545","Odisha","16/06/20",4055,41974218,34970562,7003656,"155,707 km2 (60,119 sq mi)","269/km2 (700/sq mi)",979,7,1799
"546","Odisha","10/06/20",3140,41974218,34970562,7003656,"155,707 km2 (60,119 sq mi)","269/km2 (700/sq mi)",979,7,1799
"547","Odisha","02/04/20",4,41974218,34970562,7003656,"155,707 km2 (60,119 sq mi)","269/km2 (700/sq mi)",979,7,1799
"548","Odisha","20/04/20",68,41974218,34970562,7003656,"155,707 km2 (60,119 sq mi)","269/km2 (700/sq mi)",979,7,1799
"549","Odisha","11/06/20",3250,41974218,34970562,7003656,"155,707 km2 (60,119 sq mi)","269/km2 (700/sq mi)",979,7,1799
"550","Odisha","17/06/20",4163,41974218,34970562,7003656,"155,707 km2 (60,119 sq mi)","269/km2 (700/sq mi)",979,7,1799
"551","Odisha","16/04/20",60,41974218,34970562,7003656,"155,707 km2 (60,119 sq mi)","269/km2 (700/sq mi)",979,7,1799
"552","Odisha","07/04/20",42,41974218,34970562,7003656,"155,707 km2 (60,119 sq mi)","269/km2 (700/sq mi)",979,7,1799
"553","Odisha","29/03/20",3,41974218,34970562,7003656,"155,707 km2 (60,119 sq mi)","269/km2 (700/sq mi)",979,7,1799
"554","Odisha","04/04/20",5,41974218,34970562,7003656,"155,707 km2 (60,119 sq mi)","269/km2 (700/sq mi)",979,7,1799
"555","Odisha","05/04/20",20,41974218,34970562,7003656,"155,707 km2 (60,119 sq mi)","269/km2 (700/sq mi)",979,7,1799
"556","Odisha","20/05/20",978,41974218,34970562,7003656,"155,707 km2 (60,119 sq mi)","269/km2 (700/sq mi)",979,7,1799
"557","Odisha","26/04/20",103,41974218,34970562,7003656,"155,707 km2 (60,119 sq mi)","269/km2 (700/sq mi)",979,7,1799
"558","Odisha","22/04/20",82,41974218,34970562,7003656,"155,707 km2 (60,119 sq mi)","269/km2 (700/sq mi)",979,7,1799
"559","Odisha","21/04/20",74,41974218,34970562,7003656,"155,707 km2 (60,119 sq mi)","269/km2 (700/sq mi)",979,7,1799
"560","Odisha","12/04/20",54,41974218,34970562,7003656,"155,707 km2 (60,119 sq mi)","269/km2 (700/sq mi)",979,7,1799
"561","Odisha","23/04/20",83,41974218,34970562,7003656,"155,707 km2 (60,119 sq mi)","269/km2 (700/sq mi)",979,7,1799
"562","Odisha","14/06/20",3723,41974218,34970562,7003656,"155,707 km2 (60,119 sq mi)","269/km2 (700/sq mi)",979,7,1799
"563","Odisha","21/05/20",1052,41974218,34970562,7003656,"155,707 km2 (60,119 sq mi)","269/km2 (700/sq mi)",979,7,1799
"564","Odisha","03/04/20",5,41974218,34970562,7003656,"155,707 km2 (60,119 sq mi)","269/km2 (700/sq mi)",979,7,1799
"565","Odisha","13/06/20",3498,41974218,34970562,7003656,"155,707 km2 (60,119 sq mi)","269/km2 (700/sq mi)",979,7,1799
"566","Odisha","25/04/20",94,41974218,34970562,7003656,"155,707 km2 (60,119 sq mi)","269/km2 (700/sq mi)",979,7,1799
"567","Odisha","12/06/20",3386,41974218,34970562,7003656,"155,707 km2 (60,119 sq mi)","269/km2 (700/sq mi)",979,7,1799
"568","West Bengal","30/05/20",4813,91276115,62183113,29093002,"88,752 km2 (34,267 sq mi)","1,029/km2 (2,670/sq mi)",953,13,1905
"569","West Bengal","14/04/20",190,91276115,62183113,29093002,"88,752 km2 (34,267 sq mi)","1,029/km2 (2,670/sq mi)",953,13,1905
"570","West Bengal","12/05/20",2063,91276115,62183113,29093002,"88,752 km2 (34,267 sq mi)","1,029/km2 (2,670/sq mi)",953,13,1905
"571","West Bengal","03/05/20",922,91276115,62183113,29093002,"88,752 km2 (34,267 sq mi)","1,029/km2 (2,670/sq mi)",953,13,1905
"572","West Bengal","26/03/20",10,91276115,62183113,29093002,"88,752 km2 (34,267 sq mi)","1,029/km2 (2,670/sq mi)",953,13,1905
"573","West Bengal","31/05/20",5130,91276115,62183113,29093002,"88,752 km2 (34,267 sq mi)","1,029/km2 (2,670/sq mi)",953,13,1905
"574","West Bengal","04/05/20",963,91276115,62183113,29093002,"88,752 km2 (34,267 sq mi)","1,029/km2 (2,670/sq mi)",953,13,1905
"575","West Bengal","15/04/20",213,91276115,62183113,29093002,"88,752 km2 (34,267 sq mi)","1,029/km2 (2,670/sq mi)",953,13,1905
"576","West Bengal","24/03/20",9,91276115,62183113,29093002,"88,752 km2 (34,267 sq mi)","1,029/km2 (2,670/sq mi)",953,13,1905
"577","West Bengal","16/04/20",231,91276115,62183113,29093002,"88,752 km2 (34,267 sq mi)","1,029/km2 (2,670/sq mi)",953,13,1905
"578","West Bengal","25/03/20",9,91276115,62183113,29093002,"88,752 km2 (34,267 sq mi)","1,029/km2 (2,670/sq mi)",953,13,1905
"579","West Bengal","10/04/20",116,91276115,62183113,29093002,"88,752 km2 (34,267 sq mi)","1,029/km2 (2,670/sq mi)",953,13,1905
"580","West Bengal","06/04/20",80,91276115,62183113,29093002,"88,752 km2 (34,267 sq mi)","1,029/km2 (2,670/sq mi)",953,13,1905
"581","West Bengal","07/05/20",1456,91276115,62183113,29093002,"88,752 km2 (34,267 sq mi)","1,029/km2 (2,670/sq mi)",953,13,1905
"582","West Bengal","28/03/20",15,91276115,62183113,29093002,"88,752 km2 (34,267 sq mi)","1,029/km2 (2,670/sq mi)",953,13,1905
"583","West Bengal","11/05/20",1939,91276115,62183113,29093002,"88,752 km2 (34,267 sq mi)","1,029/km2 (2,670/sq mi)",953,13,1905
"584","West Bengal","17/05/20",2576,91276115,62183113,29093002,"88,752 km2 (34,267 sq mi)","1,029/km2 (2,670/sq mi)",953,13,1905
"585","West Bengal","04/06/20",6508,91276115,62183113,29093002,"88,752 km2 (34,267 sq mi)","1,029/km2 (2,670/sq mi)",953,13,1905
"586","West Bengal","06/06/20",7303,91276115,62183113,29093002,"88,752 km2 (34,267 sq mi)","1,029/km2 (2,670/sq mi)",953,13,1905
"587","West Bengal","19/03/20",1,91276115,62183113,29093002,"88,752 km2 (34,267 sq mi)","1,029/km2 (2,670/sq mi)",953,13,1905
"588","West Bengal","06/05/20",1344,91276115,62183113,29093002,"88,752 km2 (34,267 sq mi)","1,029/km2 (2,670/sq mi)",953,13,1905
"589","West Bengal","24/05/20",3459,91276115,62183113,29093002,"88,752 km2 (34,267 sq mi)","1,029/km2 (2,670/sq mi)",953,13,1905
"590","West Bengal","01/05/20",795,91276115,62183113,29093002,"88,752 km2 (34,267 sq mi)","1,029/km2 (2,670/sq mi)",953,13,1905
"591","West Bengal","27/03/20",10,91276115,62183113,29093002,"88,752 km2 (34,267 sq mi)","1,029/km2 (2,670/sq mi)",953,13,1905
"592","West Bengal","08/04/20",99,91276115,62183113,29093002,"88,752 km2 (34,267 sq mi)","1,029/km2 (2,670/sq mi)",953,13,1905
"593","West Bengal","13/05/20",2173,91276115,62183113,29093002,"88,752 km2 (34,267 sq mi)","1,029/km2 (2,670/sq mi)",953,13,1905
"594","West Bengal","09/04/20",103,91276115,62183113,29093002,"88,752 km2 (34,267 sq mi)","1,029/km2 (2,670/sq mi)",953,13,1905
"595","West Bengal","05/04/20",80,91276115,62183113,29093002,"88,752 km2 (34,267 sq mi)","1,029/km2 (2,670/sq mi)",953,13,1905
"596","West Bengal","05/06/20",6876,91276115,62183113,29093002,"88,752 km2 (34,267 sq mi)","1,029/km2 (2,670/sq mi)",953,13,1905
"597","West Bengal","02/05/20",795,91276115,62183113,29093002,"88,752 km2 (34,267 sq mi)","1,029/km2 (2,670/sq mi)",953,13,1905
"598","West Bengal","08/05/20",1548,91276115,62183113,29093002,"88,752 km2 (34,267 sq mi)","1,029/km2 (2,670/sq mi)",953,13,1905
"599","West Bengal","10/05/20",1786,91276115,62183113,29093002,"88,752 km2 (34,267 sq mi)","1,029/km2 (2,670/sq mi)",953,13,1905
"600","West Bengal","25/05/20",3667,91276115,62183113,29093002,"88,752 km2 (34,267 sq mi)","1,029/km2 (2,670/sq mi)",953,13,1905
"601","West Bengal","29/03/20",18,91276115,62183113,29093002,"88,752 km2 (34,267 sq mi)","1,029/km2 (2,670/sq mi)",953,13,1905
"602","West Bengal","04/04/20",69,91276115,62183113,29093002,"88,752 km2 (34,267 sq mi)","1,029/km2 (2,670/sq mi)",953,13,1905
"603","West Bengal","26/05/20",3816,91276115,62183113,29093002,"88,752 km2 (34,267 sq mi)","1,029/km2 (2,670/sq mi)",953,13,1905
"604","West Bengal","05/05/20",1259,91276115,62183113,29093002,"88,752 km2 (34,267 sq mi)","1,029/km2 (2,670/sq mi)",953,13,1905
"605","West Bengal","09/05/20",1678,91276115,62183113,29093002,"88,752 km2 (34,267 sq mi)","1,029/km2 (2,670/sq mi)",953,13,1905
"606","West Bengal","23/03/20",7,91276115,62183113,29093002,"88,752 km2 (34,267 sq mi)","1,029/km2 (2,670/sq mi)",953,13,1905
"607","West Bengal","01/04/20",37,91276115,62183113,29093002,"88,752 km2 (34,267 sq mi)","1,029/km2 (2,670/sq mi)",953,13,1905
"608","West Bengal","03/04/20",63,91276115,62183113,29093002,"88,752 km2 (34,267 sq mi)","1,029/km2 (2,670/sq mi)",953,13,1905
"609","West Bengal","28/04/20",697,91276115,62183113,29093002,"88,752 km2 (34,267 sq mi)","1,029/km2 (2,670/sq mi)",953,13,1905
"610","West Bengal","27/05/20",4009,91276115,62183113,29093002,"88,752 km2 (34,267 sq mi)","1,029/km2 (2,670/sq mi)",953,13,1905
"611","West Bengal","11/04/20",126,91276115,62183113,29093002,"88,752 km2 (34,267 sq mi)","1,029/km2 (2,670/sq mi)",953,13,1905
"612","West Bengal","13/04/20",152,91276115,62183113,29093002,"88,752 km2 (34,267 sq mi)","1,029/km2 (2,670/sq mi)",953,13,1905
"613","West Bengal","16/05/20",2461,91276115,62183113,29093002,"88,752 km2 (34,267 sq mi)","1,029/km2 (2,670/sq mi)",953,13,1905
"614","West Bengal","31/03/20",26,91276115,62183113,29093002,"88,752 km2 (34,267 sq mi)","1,029/km2 (2,670/sq mi)",953,13,1905
"615","West Bengal","22/05/20",3197,91276115,62183113,29093002,"88,752 km2 (34,267 sq mi)","1,029/km2 (2,670/sq mi)",953,13,1905
"616","West Bengal","29/04/20",725,91276115,62183113,29093002,"88,752 km2 (34,267 sq mi)","1,029/km2 (2,670/sq mi)",953,13,1905
"617","West Bengal","16/06/20",11494,91276115,62183113,29093002,"88,752 km2 (34,267 sq mi)","1,029/km2 (2,670/sq mi)",953,13,1905
"618","West Bengal","12/04/20",134,91276115,62183113,29093002,"88,752 km2 (34,267 sq mi)","1,029/km2 (2,670/sq mi)",953,13,1905
"619","West Bengal","03/06/20",6168,91276115,62183113,29093002,"88,752 km2 (34,267 sq mi)","1,029/km2 (2,670/sq mi)",953,13,1905
"620","West Bengal","18/03/20",1,91276115,62183113,29093002,"88,752 km2 (34,267 sq mi)","1,029/km2 (2,670/sq mi)",953,13,1905
"621","West Bengal","30/03/20",22,91276115,62183113,29093002,"88,752 km2 (34,267 sq mi)","1,029/km2 (2,670/sq mi)",953,13,1905
"622","West Bengal","23/05/20",3332,91276115,62183113,29093002,"88,752 km2 (34,267 sq mi)","1,029/km2 (2,670/sq mi)",953,13,1905
"623","West Bengal","07/04/20",91,91276115,62183113,29093002,"88,752 km2 (34,267 sq mi)","1,029/km2 (2,670/sq mi)",953,13,1905
"624","West Bengal","29/05/20",4536,91276115,62183113,29093002,"88,752 km2 (34,267 sq mi)","1,029/km2 (2,670/sq mi)",953,13,1905
"625","West Bengal","30/04/20",758,91276115,62183113,29093002,"88,752 km2 (34,267 sq mi)","1,029/km2 (2,670/sq mi)",953,13,1905
"626","West Bengal","02/06/20",5772,91276115,62183113,29093002,"88,752 km2 (34,267 sq mi)","1,029/km2 (2,670/sq mi)",953,13,1905
"627","West Bengal","18/05/20",2677,91276115,62183113,29093002,"88,752 km2 (34,267 sq mi)","1,029/km2 (2,670/sq mi)",953,13,1905
"628","West Bengal","02/04/20",53,91276115,62183113,29093002,"88,752 km2 (34,267 sq mi)","1,029/km2 (2,670/sq mi)",953,13,1905
"629","West Bengal","20/03/20",2,91276115,62183113,29093002,"88,752 km2 (34,267 sq mi)","1,029/km2 (2,670/sq mi)",953,13,1905
"630","West Bengal","18/06/20",12300,91276115,62183113,29093002,"88,752 km2 (34,267 sq mi)","1,029/km2 (2,670/sq mi)",953,13,1905
"631","West Bengal","28/05/20",4192,91276115,62183113,29093002,"88,752 km2 (34,267 sq mi)","1,029/km2 (2,670/sq mi)",953,13,1905
"632","West Bengal","01/06/20",5501,91276115,62183113,29093002,"88,752 km2 (34,267 sq mi)","1,029/km2 (2,670/sq mi)",953,13,1905
"633","West Bengal","19/06/20",12735,91276115,62183113,29093002,"88,752 km2 (34,267 sq mi)","1,029/km2 (2,670/sq mi)",953,13,1905
"634","West Bengal","24/04/20",514,91276115,62183113,29093002,"88,752 km2 (34,267 sq mi)","1,029/km2 (2,670/sq mi)",953,13,1905
"635","West Bengal","21/03/20",3,91276115,62183113,29093002,"88,752 km2 (34,267 sq mi)","1,029/km2 (2,670/sq mi)",953,13,1905
"636","West Bengal","17/06/20",11909,91276115,62183113,29093002,"88,752 km2 (34,267 sq mi)","1,029/km2 (2,670/sq mi)",953,13,1905
"637","West Bengal","22/03/20",4,91276115,62183113,29093002,"88,752 km2 (34,267 sq mi)","1,029/km2 (2,670/sq mi)",953,13,1905
"638","West Bengal","27/04/20",649,91276115,62183113,29093002,"88,752 km2 (34,267 sq mi)","1,029/km2 (2,670/sq mi)",953,13,1905
"639","West Bengal","21/06/20",13531,91276115,62183113,29093002,"88,752 km2 (34,267 sq mi)","1,029/km2 (2,670/sq mi)",953,13,1905
"640","West Bengal","14/05/20",2290,91276115,62183113,29093002,"88,752 km2 (34,267 sq mi)","1,029/km2 (2,670/sq mi)",953,13,1905
"641","West Bengal","20/06/20",13090,91276115,62183113,29093002,"88,752 km2 (34,267 sq mi)","1,029/km2 (2,670/sq mi)",953,13,1905
"642","West Bengal","15/06/20",11087,91276115,62183113,29093002,"88,752 km2 (34,267 sq mi)","1,029/km2 (2,670/sq mi)",953,13,1905
"643","West Bengal","14/06/20",10698,91276115,62183113,29093002,"88,752 km2 (34,267 sq mi)","1,029/km2 (2,670/sq mi)",953,13,1905
"644","West Bengal","12/06/20",9768,91276115,62183113,29093002,"88,752 km2 (34,267 sq mi)","1,029/km2 (2,670/sq mi)",953,13,1905
"645","West Bengal","21/05/20",3103,91276115,62183113,29093002,"88,752 km2 (34,267 sq mi)","1,029/km2 (2,670/sq mi)",953,13,1905
"646","West Bengal","08/06/20",8187,91276115,62183113,29093002,"88,752 km2 (34,267 sq mi)","1,029/km2 (2,670/sq mi)",953,13,1905
"647","West Bengal","15/05/20",2377,91276115,62183113,29093002,"88,752 km2 (34,267 sq mi)","1,029/km2 (2,670/sq mi)",953,13,1905
"648","West Bengal","22/04/20",423,91276115,62183113,29093002,"88,752 km2 (34,267 sq mi)","1,029/km2 (2,670/sq mi)",953,13,1905
"649","West Bengal","17/04/20",255,91276115,62183113,29093002,"88,752 km2 (34,267 sq mi)","1,029/km2 (2,670/sq mi)",953,13,1905
"650","West Bengal","19/05/20",2825,91276115,62183113,29093002,"88,752 km2 (34,267 sq mi)","1,029/km2 (2,670/sq mi)",953,13,1905
"651","West Bengal","23/04/20",456,91276115,62183113,29093002,"88,752 km2 (34,267 sq mi)","1,029/km2 (2,670/sq mi)",953,13,1905
"652","West Bengal","25/04/20",571,91276115,62183113,29093002,"88,752 km2 (34,267 sq mi)","1,029/km2 (2,670/sq mi)",953,13,1905
"653","West Bengal","09/06/20",8613,91276115,62183113,29093002,"88,752 km2 (34,267 sq mi)","1,029/km2 (2,670/sq mi)",953,13,1905
"654","West Bengal","20/04/20",339,91276115,62183113,29093002,"88,752 km2 (34,267 sq mi)","1,029/km2 (2,670/sq mi)",953,13,1905
"655","West Bengal","26/04/20",611,91276115,62183113,29093002,"88,752 km2 (34,267 sq mi)","1,029/km2 (2,670/sq mi)",953,13,1905
"656","West Bengal","18/04/20",287,91276115,62183113,29093002,"88,752 km2 (34,267 sq mi)","1,029/km2 (2,670/sq mi)",953,13,1905
"657","West Bengal","20/05/20",2961,91276115,62183113,29093002,"88,752 km2 (34,267 sq mi)","1,029/km2 (2,670/sq mi)",953,13,1905
"658","West Bengal","19/04/20",310,91276115,62183113,29093002,"88,752 km2 (34,267 sq mi)","1,029/km2 (2,670/sq mi)",953,13,1905
"659","West Bengal","10/06/20",8985,91276115,62183113,29093002,"88,752 km2 (34,267 sq mi)","1,029/km2 (2,670/sq mi)",953,13,1905
"660","West Bengal","21/04/20",392,91276115,62183113,29093002,"88,752 km2 (34,267 sq mi)","1,029/km2 (2,670/sq mi)",953,13,1905
"661","West Bengal","07/06/20",7738,91276115,62183113,29093002,"88,752 km2 (34,267 sq mi)","1,029/km2 (2,670/sq mi)",953,13,1905
"662","West Bengal","13/06/20",10244,91276115,62183113,29093002,"88,752 km2 (34,267 sq mi)","1,029/km2 (2,670/sq mi)",953,13,1905
"663","West Bengal","11/06/20",9328,91276115,62183113,29093002,"88,752 km2 (34,267 sq mi)","1,029/km2 (2,670/sq mi)",953,13,1905
